Symbol,Company Name,Period,Fiscal Quarter,Revenue,Revenue Growth (YoY),Cost of Revenue,Gross Profit,"Selling, General & Admin",Operating Expenses,Operating Income,Interest Expense,Interest & Investment Income,Currency Exchange Gain (Loss),Other Non Operating Income (Expenses),EBT Excluding Unusual Items,Gain (Loss) on Sale of Assets,Asset Writedown,Other Unusual Items,Pretax Income,Income Tax Expense,Net Income,Net Income to Common,Net Income Growth,Shares Outstanding (Basic),Shares Outstanding (Diluted),Shares Change (YoY),EPS (Basic),EPS (Diluted),EPS Growth,Free Cash Flow,Free Cash Flow Per Share,Dividend Per Share,Dividend Growth,Gross Margin,Operating Margin,Profit Margin,Free Cash Flow Margin,EBITDA,EBITDA Margin,D&A For EBITDA,EBIT,EBIT Margin,Effective Tax Rate,Cash & Equivalents,Cash & Short-Term Investments,Cash Growth,Accounts Receivable,Other Receivables,Receivables,Inventory,Other Current Assets,Total Current Assets,"Property, Plant & Equipment",Other Intangible Assets,Long-Term Deferred Tax Assets,Total Assets,Accounts Payable,Accrued Expenses,Short-Term Debt,Current Portion of Long-Term Debt,Current Portion of Leases,Current Income Taxes Payable,Current Unearned Revenue,Other Current Liabilities,Total Current Liabilities,Long-Term Debt,Long-Term Leases,Pension & Post-Retirement Benefits,Long-Term Deferred Tax Liabilities,Total Liabilities,Common Stock,Additional Paid-In Capital,Retained Earnings,Comprehensive Income & Other,Shareholders' Equity,Total Liabilities & Equity,Total Debt,Net Cash (Debt),Net Cash Per Share,Filing Date Shares Outstanding,Total Common Shares Outstanding,Working Capital,Book Value Per Share,Tangible Book Value,Tangible Book Value Per Share,Land,Machinery,Construction In Progress,,,,,,,,,,,,,,,
NESTLE,Nestle Pakistan,"Mar 31, 2025",Q3 2025,"50,914",-4.46%,"30,579","20,335","10,558","10,558","9,777",-154.88,-,-,-756.32,"8,866",-,-,-,"8,866","3,440","5,426","5,426",10.94%,45,45,0.00%,119.65,119.65,10.95%,"2,084",45.95,223,100.90%,39.94%,19.20%,10.66%,4.09%,"10,849",21.31%,"1,072","9,777",19.20%,38.80%,"4,889",4889,2,"4,554","8,444","13,137","38,578","2,230","58,834","31,954",5392.00%,"4,326","95,632","54,038",69,"2,310","1,447",-,"2,501",413,470,"61,247",-,"1,507","5,230",-,"67,984",453.5,250,"26,944",-,"27,647","95,632","5,264",-375.38,-8.28,45.35,45,"-2,413",610,"27,594",608.46,-,-,-,,,,,,,,,,,,,,,
NESTLE,Nestle Pakistan,"Dec 31, 2024",Q2 2025,"50,378",-7.38%,"31,185","19,193","9,873","9,873","9,319",-178.2,-,-,-623.01,"8,518",-,-,-,"8,518","3,519","4,999","4,999",-1.36%,45,45,0.00%,110.23,110.23,-1.36%,"3,506",77.31,-,-,38.10%,18.50%,9.92%,6.96%,"10,349",20.54%,"1,029","9,319",18.50%,41.32%,"3,941",3941,2,"2,742","6,421","9,304","36,415","4,102","53,762","32,108",5859.00%,"4,058","90,356","53,008",82,"2,007","1,429",-,"2,525",595,443,"60,088",-,"1,551","5,135",-,"66,774",453.5,250,"22,879",-,"23,582","90,356","4,987","-1,046",-23.06,45.35,45,"-6,326",520,"23,523",518.71,-,-,-,,,,,,,,,,,,,,,
NESTLE,Nestle Pakistan,"Sep 30, 2024",Q1 2025,"43,976",-11.07%,"27,760","16,217","11,138","11,138","5,079",-201.12,173.03,-171.65,-253,"4,626",70.54,20.28,-0.05,"4,717","2,195","2,522","2,522",259.50%,45,45,0.00%,55.62,55.62,259.51%,"9,637",212.51,30,57.89%,36.88%,11.55%,5.73%,21.92%,"5,852",13.31%,772.86,"5,079",11.55%,46.53%,"2,322",2322,1,"2,122","10,554","12,819","30,996","1,686","47,823","32,162",1578.00%,"3,371","83,629","22,551","28,481",861,"3,000",129.45,-,"1,019","1,118","57,160","1,420","1,435","5,030",-,"65,046",453.5,250,"17,880",-,"18,583","83,629","6,845","-4,523",-99.73,45.35,45,"-9,337",410,"18,567",409,"11,284","59,544","2,755",,,,,,,,,,,,,,,
NESTLE,Nestle Pakistan,"Jun 30, 2024",Q4 2024,"41,545",-16.45%,"27,952","13,593","8,342","8,342","5,251",-713.14,-,-,-243.81,"4,294",-,-,-,"4,294","1,967","2,327","2,327",-51.57%,45,45,0.00%,51.32,51.32,-51.57%,"11,440",252.26,25,-52.83%,32.72%,12.64%,5.60%,27.53%,"6,249",15.04%,998.3,"5,251",12.64%,45.80%,"2,038",2038,1,"3,379","11,550","15,071","33,560","2,827","53,495","31,700",-,"3,310","88,739","48,224",241,"5,537",-,"6,500","1,833",495,405,"63,235","1,416","1,618","5,491",-,"71,760",453.5,250,"16,275",-,"16,978","88,739","15,071","-13,034",-287.41,45.35,45,"-9,740",374,"16,978",374.39,-,-,-,,,,,,,,,,,,,,,
NESTLE,Nestle Pakistan,"Mar 31, 2024",Q3 2024,"53,289",2.80%,"33,318","19,971","10,480","10,480","9,491",-808.35,-,-,-665.74,"8,017",-,-,-,"8,017","3,126","4,891","4,891",-8.14%,45,45,0.00%,107.84,107.84,-8.14%,"3,296",72.67,111,-8.26%,37.48%,17.81%,9.18%,6.18%,"10,478",19.66%,987.17,"9,491",17.81%,38.99%,"1,886",1886,-,"6,745","15,030","21,908","39,428","5,510","68,732","31,246",-,"3,111","103,335","56,101",717,"11,636",-,"3,672","1,286",495,364,"74,272","4,419","1,496","3,352",-,"83,539",453.5,250,"19,093",-,"19,796","103,335","21,224","-19,338",-426.4,45.35,45,"-5,539",437,"19,796",436.52,-,-,-,,,,,,,,,,,,,,,
NESTLE,Nestle Pakistan,"Dec 31, 2023",Q2 2024,"54,395",9.69%,"34,652","19,743","10,015","10,015","9,728",-762.37,-,-,-489.71,"8,476",-,-,-,"8,476","3,409","5,068","5,068",-10.50%,45,45,0.00%,111.75,111.75,-10.49%,"2,819",62.17,-,-,36.30%,17.89%,9.32%,5.18%,"10,700",19.67%,971.12,"9,728",17.89%,40.21%,"1,375",1375,0,"5,009","16,714","21,861","42,092","5,083","70,411","31,503",-,"2,423","104,592","58,667",304,"6,047",-,190,"2,324",894,"7,854","76,279","7,905","1,521","3,231",-,"88,936",453.5,250,"14,953",-,"15,656","104,592","15,664","-14,289",-315.09,45.35,45,"-5,868",345,"15,656",345.22,-,-,-,,,,,,,,,,,,,,,
NESTLE,Nestle Pakistan,"Sep 30, 2023",Q1 2024,"49,452",19.05%,"34,133","15,318","10,398","10,398","4,920",-476.52,371.78,"-1,163",387.94,"4,040",10.62,-43.51,-,"4,007","3,305",701.57,701.57,-80.85%,45,45,0.00%,15.47,15.47,-80.85%,"-2,038",-44.94,19,-80.00%,30.98%,9.95%,1.42%,-4.12%,"5,721",11.57%,801.02,"4,920",9.95%,82.49%,"1,100",1100,1,"2,233","18,932","21,314","37,450","3,966","63,830","31,789",-,"2,000","97,890","23,716","31,658","8,538",-,124.6,121.75,708,"9,802","74,668","7,922","1,602","3,109",-,"87,302",453.5,250,"9,885",-,"10,588","97,890","18,187","-17,088",-376.78,45.35,45,"-10,838",233,"10,588",233,"10,520","56,247","3,092",,,,,,,,,,,,,,,
NESTLE,Nestle Pakistan,"Jun 30, 2023",Q4 2023,"49,723",22.66%,"32,460","17,263","9,015","9,015","8,248",-589.71,-,-,-206.31,"7,452",-,-,-,"7,452","2,646","4,805","4,805",30.18%,45,45,0.00%,105.96,105.96,30.19%,"11,293",249.03,53,-37.65%,34.72%,16.59%,9.66%,22.71%,"10,195",20.50%,"1,947","8,248",16.59%,35.51%,"1,171",1171,1,"2,744","15,010","17,904","37,690","9,443","66,208","31,070",-,"1,291","98,850","50,072",224,"2,758","4,666",-,"3,330",549,"12,390","73,991","7,973","1,410","3,712",-,"87,086",453.5,250,"11,061",-,"11,764","98,850","16,808","-15,637",-344.81,45.35,45,"-7,784",259,"11,764",259.4,-,-,-,,,,,,,,,,,,,,,
NESTLE,Nestle Pakistan,"Mar 31, 2023",Q3 2023,"51,839",21.51%,"34,031","17,808","7,294","7,294","10,514",-752.82,-,-,-470.76,"9,290",-,-,-,"9,290","3,966","5,324","5,324",62.36%,45,45,0.00%,117.4,117.4,62.36%,"7,428",163.8,121,-21.93%,34.35%,20.28%,10.27%,14.33%,"11,465",22.12%,951.53,"10,514",20.28%,42.69%,-,-,-,-,-,-,-,-,-,-,-,-,-,-,-,-,-,-,-,-,-,-,-,-,-,-,-,-,-,-,-,-,-,-,-,-,45.35,45.35,-,-,-,-,-,-,-,,,,,,,,,,,,,,,
NESTLE,Nestle Pakistan,"Dec 31, 2022",Q2 2023,"49,592",31.26%,"31,274","18,318","7,446","7,446","10,872",-613.28,-,-,"-1,962","8,296",-,-,-,"8,296","2,634","5,662","5,662",27.17%,45,45,0.00%,124.85,124.85,27.16%,"-1,790",-39.48,-,-,36.94%,21.92%,11.42%,-3.61%,"11,832",23.86%,960.06,"10,872",21.92%,31.75%,"1,350",1350,0,"2,633","12,523","15,293","38,927","6,546","62,117","31,360",-,949,"94,695","44,764",285,"5,491","9,123",-,"3,856",655,"6,347","70,520","7,946","1,324","3,475",-,"83,265",453.5,250,"10,727",-,"11,430","94,695","23,883","-22,533",-496.87,45.35,45,"-8,404",252,"11,430",252.04,-,-,-,,,,,,,,,,,,,,,
NESTLE,Nestle Pakistan,"Sep 30, 2022",Q1 2023,"41,538",26.11%,"23,908","17,629","12,436","12,436","5,193",-499.6,42.35,-396.03,50.72,"4,391",202.31,42.54,-,"4,636",972.16,"3,663","3,663",-0.33%,45,45,0.00%,80.78,80.78,-0.33%,161.17,3.55,95,5.56%,42.44%,12.50%,8.82%,0.39%,"6,053",14.57%,860.02,"5,193",12.50%,20.97%,542.51,542.51,0,"1,989","13,139","15,259","30,386","5,256","51,444","31,999",-,-,"83,652","20,292","22,893","4,276","9,000",87,"2,101",766,"7,198","66,613","6,500","1,378","3,388",2,"77,882",453.5,250,"5,065",2,"5,770","83,652","21,241","-20,699",-456.4,45.35,45,"-15,170",127,"5,770",127,"10,310","54,559","2,612",,,,,,,,,,,,,,,
NESTLE,Nestle Pakistan,"Jun 30, 2022",Q4 2022,"40,536",17.31%,"28,877","11,659","5,668","5,668","5,991",-578.07,-,-,-257.9,"5,155",-,-,-,"5,155","1,463","3,691","3,691",11.54%,45,45,0.01%,81.39,81.39,11.52%,"6,685",147.4,85,6.25%,28.76%,14.78%,9.11%,16.49%,"6,952",17.15%,961.69,"5,991",14.78%,28.39%,500.26,500.26,0,"1,890","9,052","11,060","27,623","4,451","43,635","31,239",-,29,"75,116","37,975",189,"1,842",92,-,"4,137",509,"4,198","48,941","15,500","1,219","3,778",-,"69,439",453.5,250,"4,978",-5,"5,677","75,116","18,653","-18,153",-400.27,45.35,45,"-5,306",125,"5,677",125.17,-,-,-,,,,,,,,,,,,,,,
NESTLE,Nestle Pakistan,"Mar 31, 2022",Q3 2022,"42,661",27.46%,"29,163","13,498","5,402","5,402","8,096",-640.33,-,-,-720.31,"6,735",-,-,-,"6,735","3,456","3,279","3,279",27.40%,45,45,0.00%,72.31,72.31,27.40%,"5,589",123.23,155,34.78%,31.64%,18.98%,7.69%,13.10%,"9,030",21.17%,934.39,"8,096",18.98%,51.31%,718.95,718.95,0,"2,241","7,690","10,050","25,839","3,550","40,158","29,866",-,-,"70,245","29,271",357,"7,755",37,-,"4,361",297,283,"42,362","14,500",97,"3,684",583,"61,226",453.5,250,"8,316",0,"9,019","70,245","22,390","-21,671",-477.86,45.35,45,"-2,204",199,"9,019",198.88,-,-,-,,,,,,,,,,,,,,,
NESTLE,Nestle Pakistan,"Dec 31, 2021",Q2 2022,"37,781",16.85%,"25,116","12,665","5,166","5,166","7,499",-598.6,-,-,-597.52,"6,303",-,-,-,"6,303","1,851","4,452","4,452",38.73%,45,45,0.00%,98.18,98.18,38.73%,547.28,12.07,-,-,33.52%,19.85%,11.79%,1.45%,"8,436",22.33%,936.56,"7,499",19.85%,29.36%,"1,139",1139,3,"1,671","7,764","9,550","27,546","3,789","42,024","30,631",-,-,"72,849","30,225",435,"13,226",128,-,"2,963",347,473,"47,798","10,952",16,"3,455",766,"62,986",453.5,250,"9,155",5,"9,863","72,849","24,322","-23,183",-511.21,45.35,45,"-5,773",217,"9,863",217.49,-,-,-,,,,,,,,,,,,,,,
NESTLE,Nestle Pakistan,"Sep 30, 2021",Q1 2022,"32,937",9.38%,"22,372","10,565","4,677","4,677","5,888",-401.73,21.41,-408.14,320.38,"5,420",119.68,-389.04,-,"5,151","1,476","3,675","3,675",36.68%,45,45,-0.01%,81.05,81.05,36.69%,"1,678",37.01,90,47.54%,32.08%,17.88%,11.16%,5.10%,"6,694",20.32%,805.83,"5,888",17.88%,28.65%,743.92,743.92,-5.72%,923,"8,131","9,172","21,647","2,381","33,943","31,301",-,-,"65,404","13,770","14,100","10,227",82,49,"1,445",682,"2,914","43,267","12,000",115,"3,376","1,242","60,001",453.5,250,"4,703",-3,"5,403","65,404","22,473","-21,729",-479.14,45.35,45,"-9,324",119,"5,403",119,"10,102","53,895","2,026",,,,,,,,,,,,,,,
NESTLE,Nestle Pakistan,"Jun 30, 2021",Q4 2021,"34,554",14.12%,"24,221","10,333","4,549","4,549","5,784",-421.66,-,-,-706.67,"4,656",-,-,-,"4,656","1,347","3,309","3,309",42.67%,45,45,0.00%,72.98,72.98,42.68%,"8,491",187.25,80,60.00%,29.90%,16.74%,9.58%,24.57%,"6,678",19.33%,894.04,"5,784",16.74%,28.92%,978.1,978.1,0,"2,096","5,368","7,585","20,727","2,661","31,951","31,186",-,-,"63,297","27,446",373,"7,365",198,-,"2,662",369,"3,337","41,749","12,000",116,"3,346",784,"57,995",453.5,250,"4,599",-,"5,302","63,297","19,678","-18,700",-412.38,45.35,45,"-9,798",117,"5,302",116.91,-,-,-,,,,,,,,,,,,,,,
NESTLE,Nestle Pakistan,"Mar 31, 2021",Q3 2021,"33,471",17.41%,"23,854","9,617","4,849","4,849","4,768",-525.51,-,-,-640.15,"3,602",-,-,-,"3,602","1,028","2,574","2,574",32.88%,45,45,-0.01%,56.76,56.76,32.90%,"4,724",104.17,115,38.55%,28.73%,14.25%,7.69%,14.11%,"5,756",17.20%,987.87,"4,768",14.25%,28.55%,"1,321",1321,0,"2,044","4,547","6,715","24,992","2,372","35,400","31,483",-,-,"67,058","25,744",445,"13,967",292,-,"2,400",301,253,"43,400","12,000",132,"3,267","1,051","59,850",453.5,250,"6,504",-,"7,207","67,058","26,390","-25,069",-552.8,45.35,45,"-8,001",159,"7,207",158.93,-,-,-,,,,,,,,,,,,,,,
NESTLE,Nestle Pakistan,"Dec 31, 2020",Q2 2021,"32,334",8.20%,"22,357","9,977","4,840","4,840","5,137",-473.89,-,-,-118.71,"4,544",-,-,-,"4,544","1,335","3,209","3,209",65.52%,45,45,0.01%,70.77,70.77,65.50%,"-4,684",-103.3,-,-,30.86%,15.89%,9.93%,-14.49%,"6,133",18.97%,996.42,"5,137",15.89%,29.38%,266.92,266.92,-1,"2,767","4,046","6,938","25,918","2,958","36,080","32,048",-,-,"68,310","25,956",398,"14,897",229,-,"2,402",302,258,"44,441","12,034",56,"3,195","1,184","60,911",453.5,250,"6,697",-,"7,400","68,310","27,216","-26,949",-594.26,45.35,45,"-8,361",163,"7,400",163.18,-,-,-,,,,,,,,,,,,,,,
NESTLE,Nestle Pakistan,"Dec 31, 2020",Q4 2020,"30,112",4.16%,"21,280","8,831","4,607","4,607","4,225",-398.61,25.27,24.88,-198.22,"3,678",74.56,87.76,-,"3,840","1,151","2,689","2,689",42.26%,45,45,0.01%,59.29,59.29,42.25%,"2,548",56.18,61,45.24%,29.33%,14.03%,8.93%,8.46%,"4,878",16.20%,653.75,"4,225",14.03%,29.98%,789.06,789.06,1,"1,930","5,046","7,110","18,922","1,129","27,950","32,777",-,-,"60,906","13,480","12,995","7,248","3,698",36,"1,443",562.26,686,"40,149","12,082",35,"3,118","1,333","56,716",453.5,250,"3,487",-,"4,190","60,906","23,099","-22,310",-491.92,45.35,45,"-12,199",92,"4,190",92,"9,820","50,585","4,097",,,,,,,,,,,,,,,
UPFL,Unilever Pakistan Foods,,,Revenue,Revenue Growth (YoY),Cost of Revenue,Gross Profit,"Selling, General & Admin",Other Operating Expenses,Operating Expenses,Operating Income,Interest Expense,Interest & Investment Income,Currency Exchange Gain (Loss),Other Non Operating Income (Expenses),EBT Excluding Unusual Items,Gain (Loss) on Sale of Assets,Asset Writedown,Legal Settlements,Other Unusual Items,Pretax Income,Income Tax Expense,Net Income,Net Income to Common,Net Income Growth,Shares Outstanding (Basic),Shares Outstanding (Diluted),Shares Change (YoY),EPS (Basic),EPS (Diluted),EPS Growth,Free Cash Flow,Free Cash Flow Per Share,Dividend Per Share,Dividend Growth,Gross Margin,Operating Margin,Profit Margin,Free Cash Flow Margin,EBITDA,EBITDA Margin,D&A For EBITDA,EBIT,EBIT Margin,Effective Tax Rate,Cash & Equivalents,Short-Term Investments,Trading Asset Securities,Cash & Short-Term Investments,Cash Growth,Accounts Receivable,Other Receivables,Receivables,Inventory,Prepaid Expenses,Other Current Assets,Total Current Assets,"Property, Plant & Equipment",Goodwill,Other Intangible Assets,Other Long-Term Assets,Total Assets,Accounts Payable,Accrued Expenses,Short-Term Debt,Current Portion of Long-Term Debt,Current Portion of Leases,Current Unearned Revenue,Other Current Liabilities,Total Current Liabilities,Long-Term Debt,Long-Term Leases,Long-Term Unearned Revenue,Pension & Post-Retirement Benefits,Long-Term Deferred Tax Liabilities,Total Liabilities,Common Stock,Additional Paid-In Capital,Retained Earnings,Comprehensive Income & Other,Shareholders' Equity,Total Liabilities & Equity,Total Debt,Net Cash (Debt),Net Cash Growth,Net Cash Per Share,Filing Date Shares Outstanding,Total Common Shares Outstanding,Working Capital,Book Value Per Share,Tangible Book Value,Tangible Book Value Per Share,Land,Buildings,Machinery,Construction In Progress,Leasehold Improvements,,,,,,
UPFL,Unilever Pakistan Foods,"Sep 30, 2025",Q3 2025,"10,494",34.41%,"6,346","4,147","1,824",112.91,"1,937","2,211",-14.46,-,-,169.91,"2,366",-,-,-,-,"2,366",881.58,"1,485","1,485",-8.76%,6,6,0.00%,233.08,233.08,-8.75%,"1,716",269.4,466,-8.81%,39.52%,21.07%,14.15%,16.35%,"2,375",22.63%,164.4,"2,211",21.07%,37.26%,"3,905",-,0.54,"3,905",-70.64%,"1,691","3,614","5,487","3,616",-,96.99,"13,105","9,142",-,81.64,2.98,"22,331","10,417",216.44,-,124.61,-,59.47,"1,834","12,652",453.3,-,197.57,47.39,"1,022","14,372",63.7,"1,296","6,598",0.63,"7,959","22,331",577.91,"3,328",-73.74%,522.4,6.37,6.37,453,1249.51,"7,878",1236.7,-,-,-,-,-,,,,,,
UPFL,Unilever Pakistan Foods,"Jun 30, 2025",Q2 2025,"9,117",10.64%,"5,586","3,531","1,238",-177.78,"1,061","2,471",-32.63,-,-,-,"2,438",-,-,-,-,"2,438","1,022","1,416","1,416",-28.64%,6,6,0.00%,222.25,222.25,-28.64%,"-2,615",-410.45,444,-28.73%,38.73%,27.10%,15.53%,-28.68%,"2,633",28.88%,162.24,"2,471",27.10%,41.93%,"4,496",-,"1,005","5,502",-57.90%,"1,396","4,490","6,080","3,741",-,127.12,"15,450","9,018",-,81.64,2.98,"24,553","10,800",210.38,-,"2,442",-,60.75,48.1,"13,562",465.65,-,212.06,42.88,967.18,"15,250",63.7,"1,296","7,942",0.63,"9,303","24,553","2,908","2,593",-79.15%,407.14,6.37,6.37,"1,888",1460.38,"9,221",1447.57,-,-,-,-,-,,,,,,
UPFL,Unilever Pakistan Foods,"Mar 31, 2025",Q1 2025,"10,473",19.54%,"6,473","3,999","1,410",-181.41,"1,229","2,770",-32.41,-,-,-,"2,738",-,-,-,-,"2,738","1,065","1,673","1,673",-8.14%,6,6,0.00%,262.6,262.6,-8.14%,"2,073",325.35,525,267.13%,38.19%,26.45%,15.97%,19.79%,"2,926",27.94%,155.67,"2,770",26.45%,38.90%,"6,158",-,"6,687","12,845",-7.28%,"1,678","2,137","3,828","3,714",-,115.46,"20,503","9,012",-,81.64,2.98,"29,599","12,360",200.64,-,124.61,-,61.97,57.88,"12,805",483.95,-,226.73,69.17,960.91,"14,546",63.7,"1,296","13,692",0.63,"15,053","29,599",608.56,"12,236",-7.42%,1920.87,6.37,6.37,"7,698",2363.12,"14,972",2350.3,-,-,-,-,-,,,,,,
UPFL,Unilever Pakistan Foods,"Dec 31, 2024",Q4 2024,"8,904",9.41%,"5,517","3,386","1,281",-310.35,970.79,"2,416",-0.81,"2,351",3.57,"-2,290","2,479",10.01,-125.2,-,-,"2,364",821.06,"1,543","1,543",-32.06%,6,6,0.00%,242.15,242.15,-32.06%,"3,287",516.05,600,237.08%,38.03%,27.13%,17.32%,36.92%,"2,550",28.64%,134.85,"2,416",27.13%,34.74%,"4,515",-,"6,642","11,157",-17.10%,972.94,"2,778","3,751","3,489",80,84.33,"18,562","9,342",-,81.64,2.98,"27,988","2,821","7,458","1,313",124.61,-,309.21,838.82,"12,865",496.09,-,241.56,64.66,940.27,"14,608",63.7,"1,296","12,020",0.63,"13,380","27,988","1,934","9,224",-19.15%,1447.95,6.37,6.37,"5,696",2100.55,"13,299",2087.74,8.18,"2,383","7,928","1,666",14.92,,,,,,
UPFL,Unilever Pakistan Foods,"Sep 30, 2024",Q3 2024,"7,807",1.25%,"4,717","3,090","1,230",126.87,"1,357","1,733",-16.37,-,-,698.56,"2,415",-,-,-,-,"2,415",787.67,"1,627","1,627",-28.77%,6,6,0.00%,255.44,255.44,-28.77%,995.36,156.26,511,185.47%,39.58%,22.19%,20.84%,12.75%,"1,845",23.63%,112.23,"1,733",22.19%,32.62%,"6,326",-,"6,977","13,304",-3.19%,"1,650","3,224","4,896","3,774",-,106.63,"22,080","8,411",-,81.64,2.98,"30,575","10,241",184.88,-,117.51,-,105.39,"3,400","14,049",514.05,-,215.51,81.04,637.44,"15,497",63.7,"1,296","13,718",0.77,"15,079","30,575",631.55,"12,672",-3.38%,1989.36,6.37,6.37,"8,031",2367.1,"14,997",2354.28,-,-,-,-,-,,,,,,
UPFL,Unilever Pakistan Foods,"Jun 30, 2024",Q2 2024,"8,241",2.12%,"5,025","3,215","1,208",-780.76,426.92,"2,788",-10.34,-,-,-,"2,778",-,-,-,-,"2,778",794.05,"1,984","1,984",8.23%,6,6,-,311.46,311.46,8.23%,954.7,149.88,623,765.28%,39.02%,33.84%,24.07%,11.58%,"2,892",35.10%,103.8,"2,788",33.84%,28.58%,"4,470",-,"8,597","13,067",5.24%,"1,774","3,806","5,583","3,564",-,109.82,"22,324","8,165",-,81.64,2.98,"30,573","10,701",183.95,-,78.27,-,64.18,625.9,"11,654",551.71,-,272.81,76.55,598.42,"13,153",63.7,"1,296","16,059",0.63,"17,420","30,573",629.98,"12,437",5.42%,1952.41,6.37,6.37,"10,670",2734.71,"17,338",2721.89,-,-,-,-,-,,,,,,
UPFL,Unilever Pakistan Foods,"Mar 31, 2024",Q1 2024,"8,760",-17.88%,"5,356","3,405","1,343",-519.49,823.56,"2,581",-,-,-,4.53,"2,585",-,-,-,-,"2,585",764.52,"1,821","1,821",-45.74%,6,6,0.00%,285.87,285.87,-45.74%,-201.68,-31.66,143,-,38.86%,29.46%,20.79%,-2.30%,"2,675",30.54%,94.09,"2,581",29.46%,29.57%,"9,882","3,971",-,"13,853",9.02%,"2,129","2,991","5,137","3,598",-,117.54,"22,706","7,950",-,81.64,2.98,"30,741","10,406",172.4,-,104.1,-,63.78,"1,071","11,818",532.67,-,288.7,72.07,549.49,"13,260",63.7,"1,296","16,120",0.63,"17,481","30,741",636.78,"13,217",9.29%,2074.82,6.37,6.37,"10,889",2744.24,"17,399",2731.43,-,-,-,-,-,,,,,,
UPFL,Unilever Pakistan Foods,"Dec 31, 2023",Q4 2023,"8,138",-4.75%,"4,763","3,375","1,278",-172.8,"1,106","2,269",-,"2,145",-91.32,"-1,905","2,418",-,-23.74,-,-,"2,395",124.39,"2,270","2,270",-27.65%,6,6,0.00%,356.41,356.41,-27.65%,-867.57,-136.19,178,-,41.47%,27.89%,27.90%,-10.66%,"2,376",29.19%,106.44,"2,269",27.89%,5.19%,"9,649",-,"3,810","13,459",66.39%,"1,119","3,755","4,874","4,517",72.94,184.07,"23,106","7,869",-,81.64,2.98,"31,060","3,756","7,306","1,418",74.36,-,206.61,"1,199","13,961",557.87,-,304.68,67.58,509.42,"15,400",63.7,"1,296","14,299",0.63,"15,660","31,060","2,051","11,408",78.94%,1790.86,6.37,6.37,"9,146",2458.37,"15,578",2445.55,8.18,"1,494","4,658","4,082",14.92,,,,,,
UPFL,Unilever Pakistan Foods,"Sep 30, 2023",Q3 2023,"7,711",13.28%,"4,523","3,188","1,388",157.85,"1,546","1,642",-,-,-,725.94,"2,368",-,-,-,-,"2,368",83.84,"2,284","2,284",55.27%,6,6,0.00%,358.6,358.6,55.27%,"3,625",569.14,179,-,41.34%,21.30%,29.62%,47.02%,"1,706",22.12%,63.82,"1,642",21.30%,3.54%,"9,320","4,422",-,"13,742",128.89%,"1,665","3,141","4,833","4,638",-,206.03,"23,419","7,092",-,81.64,2.98,"30,595","11,732",157.94,-,57.54,-,61.24,"2,624","14,633",569.5,-,320.9,63.5,479.81,"16,066",63.7,"1,296","13,168",0.63,"14,529","30,595",627.04,"13,115",138.75%,2058.92,6.37,6.37,"8,787",2280.87,"14,447",2268.05,-,-,-,-,-,,,,,,
UPFL,Unilever Pakistan Foods,"Jun 30, 2023",Q2 2023,"8,070",25.97%,"4,716","3,353","1,792",132.87,"1,925","1,429",-,-,-,688.24,"2,117",-,-,-,-,"2,117",283.69,"1,833","1,833",21.66%,6,6,-,287.78,287.78,21.66%,-407.9,-64.03,72,-74.91%,41.55%,17.70%,22.72%,-5.05%,"1,512",18.74%,83.91,"1,429",17.70%,13.40%,"6,054","6,361",-,"12,416",139.93%,"1,798","2,956","4,803","4,304",-,507.72,"22,030","6,912",-,81.64,2.98,"29,026","12,360",148.27,-,43.17,-,59.23,"2,235","14,845",575.71,-,336.95,60.05,504.55,"16,323",63.7,"1,296","11,343",0.63,"12,703","29,026",618.88,"11,797",144.96%,1851.94,6.37,6.37,"7,185",1994.29,"12,622",1981.48,-,-,-,-,-,,,,,,
UPFL,Unilever Pakistan Foods,"Mar 31, 2023",Q1 2023,"10,668",62.81%,"5,761","4,907","1,622",-283.47,"1,339","3,568",-94.79,-,-,-,"3,473",-,-,-,-,"3,473",117.16,"3,356","3,356",82.75%,6,6,0.00%,526.89,526.89,82.75%,"3,914",614.45,-,-,46.00%,33.45%,31.46%,36.69%,"3,653",34.24%,84.39,"3,568",33.45%,3.37%,"4,819","7,888",-,"12,707",235.72%,"1,719","1,104","2,861","3,751",-,204.11,"19,523","6,546",-,81.64,2.98,"26,154","11,438",134.59,-,31.88,-,57.07,"2,235","13,896",582.9,-,349.67,56.6,397.99,"15,283",63.7,"1,296","9,509",0.63,"10,870","26,154",614.78,"12,092",252.33%,1898.35,6.37,6.37,"5,627",1706.49,"10,789",1693.67,-,-,-,-,-,,,,,,
UPFL,Unilever Pakistan Foods,"Dec 31, 2022",Q4 2022,"8,543",60.72%,"4,708","3,835","1,019","-1,022",-2.14,"3,837",-,39.73,-98.88,-578.34,"3,200",126.16,-71.49,-,18.07,"3,272",134.35,"3,138","3,138",101.61%,6,6,0.00%,492.61,492.61,101.62%,"1,921",301.54,-,-,44.89%,44.91%,36.73%,22.48%,"3,918",45.86%,80.98,"3,837",44.91%,4.11%,"2,317","2,692","3,080","8,089",145.28%,"1,030","1,532","2,588","3,116",36.53,476.69,"14,306","6,227",94.58,-12.94,2.98,"20,617","2,371","5,892","1,179",21.37,22.25,184.44,"2,253","11,922",491.12,-,223.78,53.15,412.72,"13,103",63.7,"1,296","6,153",0.63,"7,514","20,617","1,713","6,375",181.22%,1000.84,6.37,6.37,"2,383",1179.61,"7,432",1166.79,8.18,"1,346","4,318","2,568",14.92,,,,,,
UPFL,Unilever Pakistan Foods,"Sep 30, 2022",Q3 2022,"6,807",38.29%,"4,275","2,533","1,100",108.25,"1,208","1,325",-25.52,-,-,249.76,"1,549",-,-,-,-,"1,549",77.9,"1,471","1,471",23.45%,6,6,0.00%,230.95,230.95,23.45%,344.05,54.01,-,-,37.21%,19.46%,21.61%,5.05%,"1,403",20.61%,78.42,"1,325",19.46%,5.03%,"3,872","2,132",-,"6,004",188.36%,"1,228","1,240","2,521","2,792",-,304.14,"11,621","4,728",-,81.64,2.98,"16,433","8,459",117.72,-,11.93,21.82,35.4,"2,245","10,890",477.03,-,237.34,28,409.82,"12,043",63.7,"1,296","3,030",0.63,"4,391","16,433",510.79,"5,493",195.25%,862.37,6.37,6.37,730.78,689.29,"4,309",676.48,-,-,-,-,-,,,,,,
UPFL,Unilever Pakistan Foods,"Jun 30, 2022",Q2 2022,"6,406",41.04%,"3,650","2,756","1,212",111.38,"1,323","1,433",-1.41,-,-,215.74,"1,647",-,-,-,-,"1,647",140.55,"1,507","1,507",55.88%,6,6,0.00%,236.55,236.55,55.88%,"2,401",376.86,287,90.07%,43.02%,22.37%,23.52%,37.47%,"1,510",23.58%,77.36,"1,433",22.37%,8.53%,"5,175",-,-,"5,175",69.63%,892.36,744.52,"1,689","2,320",-,267.39,"9,451","4,496",-,81.64,2.98,"14,031","7,864",100.72,-,5.57,21.4,17.74,"2,245","10,254",331.88,-,108.1,25.94,391.55,"11,112",63.7,"1,296","1,559",0.63,"2,920","14,031",358.85,"4,816",68.70%,756.02,6.37,6.37,-803.29,458.34,"2,838",445.53,-,-,-,-,-,,,,,,
UPFL,Unilever Pakistan Foods,"Mar 31, 2022",Q1 2022,"6,552",30.00%,"3,662","2,891",921.04,131,"1,052","1,839",-27.05,-,-,86.06,"1,898",-,-,-,-,"1,898",61.17,"1,837","1,837",26.25%,6,6,0.00%,288.31,288.31,26.25%,"1,597",250.77,-,-,44.12%,28.06%,28.03%,24.38%,"1,915",29.23%,76.34,"1,839",28.06%,3.22%,"3,785",-,-,"3,785",43.01%,"1,122",636.08,"1,815","2,153",-,112.96,"7,867","4,363",-,81.64,2.98,"12,316","6,522",133.11,-,-,20.98,7.75,38.39,"6,722",331.97,-,90.97,23.87,353.13,"7,522",63.7,"1,296","3,433",0.63,"4,794","12,316",352.95,"3,432",32.28%,538.81,6.37,6.37,"1,145",752.53,"4,712",739.71,-,-,-,-,-,,,,,,
UPFL,Unilever Pakistan Foods,"Dec 31, 2021",Q4 2021,"5,316",25.61%,"2,667","2,649",912.39,38.45,950.84,"1,698",-,173.32,-50.74,-163.5,"1,657",5.61,-32.44,54.78,-,"1,685",128.79,"1,556","1,556",15.86%,6,6,0.00%,244.33,244.33,15.86%,"1,576",247.36,245,16.17%,49.84%,31.95%,29.28%,29.64%,"1,775",33.38%,76.34,"1,698",31.95%,7.64%,"3,298",-,-,"3,298",254.64%,519.37,775.41,"1,297","1,524",50.23,33.51,"6,203","4,101",-,81.64,2.98,"10,389","1,332","3,058",841.12,-,0.39,135.72,"1,461","6,828",168.62,20.57,29.27,15.51,357.7,"7,419",63.7,"1,296","1,609",0.63,"2,970","10,389","1,031","2,267",637.96%,355.88,6.37,6.37,-625.02,466.18,"2,888",453.37,8.18,"1,118","2,354",673.92,-,,,,,,
UPFL,Unilever Pakistan Foods,"Sep 30, 2021",Q3 2021,"4,923",34.11%,"2,778","2,145",878.65,85.64,964.29,"1,181",-8.72,-,-,49.43,"1,221",-,-,-,-,"1,221",29.51,"1,192","1,192",55.23%,6,6,-,187.08,187.08,55.23%,"1,120",175.9,187,55.16%,43.57%,23.98%,24.21%,22.76%,"1,257",25.54%,76.66,"1,181",23.98%,2.42%,"2,082",-,-,"2,082",0.21%,853.62,857.55,"1,720","1,675",-,74.65,"5,552","3,936",-,81.64,2.98,"9,575","5,587",120.14,-,-,3.35,-,668.05,"6,378",198.03,20.17,-,31.09,344.08,"6,972",63.7,"1,296","1,242",0.63,"2,603","9,575",221.55,"1,861",-9.82%,292.07,6.37,6.37,-826.24,408.65,"2,521",395.83,-,-,-,-,-,,,,,,
UPFL,Unilever Pakistan Foods,"Jun 30, 2021",Q2 2021,"4,542",20.10%,"2,678","1,865",841.56,68.44,910,954.58,-26.69,-,-,62.48,990.36,-,-,-,-,990.36,23.72,966.64,966.64,7.49%,6,6,0.00%,151.75,151.75,7.49%,"1,196",187.74,151,7.09%,41.05%,21.02%,21.28%,26.33%,"1,030",22.68%,75.79,954.58,21.02%,2.40%,"3,050",-,-,"3,050",77.83%,519.76,885.47,"1,452","1,493",-,74.51,"6,070","3,953",-,81.64,2.98,"10,110","5,180",115.11,-,-,6.25,-,"1,856","7,157",169.8,19.78,-,29.3,360.85,"7,737",63.7,"1,296","1,012",0.63,"2,373","10,110",195.84,"2,855",66.51%,448.14,6.37,6.37,"-1,087",372.57,"2,292",359.76,-,-,-,-,-,,,,,,
UPFL,Unilever Pakistan Foods,"Mar 31, 2021",Q1 2021,"5,040",29.63%,"2,739","2,301",718.39,103.7,822.09,"1,479",-4.93,-,-,51.75,"1,526",-,-,-,-,"1,526",71.34,"1,455","1,455",75.90%,6,6,0.00%,228.36,228.36,75.89%,"1,767",277.43,228,75.39%,45.66%,29.35%,28.86%,35.06%,"1,554",30.84%,75.23,"1,479",29.35%,4.67%,"2,647",-,-,"2,647",32.56%,779.68,852.16,"1,705","1,299",-,71.67,"5,723","3,880",-,81.64,2.98,"9,690","4,890",110.11,-,-,9.23,-,32.95,"5,043",23.66,19.27,-,27.52,374.79,"5,488",63.7,"1,296","2,842",0.63,"4,202","9,690",52.16,"2,595",30.31%,407.31,6.37,6.37,679.84,659.71,"4,121",646.89,-,-,-,-,-,,,,,,
UPFL,Unilever Pakistan Foods,"Dec 31, 2020",Q4 2020,"4,232",13.27%,"2,368","1,864",681.37,-245.2,436.16,"1,428",-,107.35,-18.97,-170.94,"1,345",-,-2.09,-,-,"1,343",-0.44,"1,343","1,343",48.47%,6,6,-0.01%,210.89,210.89,48.48%,128.09,20.11,210.89,48.51%,44.04%,33.73%,31.74%,3.03%,"1,500",35.44%,72.45,"1,428",33.73%,-,929.9,-,-,929.9,28.34%,455.21,915.32,"1,373","1,163",28.66,119.39,"3,615","3,745",-,81.64,2.98,"7,447",932.47,"2,586",587.12,-,11.52,102.65,69.48,"4,289",23.66,0.39,-,25.73,361.05,"4,700",63.7,"1,296","1,387",0.63,"2,748","7,447",622.69,307.21,238.17%,48.23,6.37,6.37,-674.17,431.35,"2,666",418.54,8.18,"1,298","3,795",201.55,14.92,,,,,,
NATF,National Foods Limited,,,Revenue,Revenue Growth (YoY),Cost of Revenue,Gross Profit,"Selling, General & Admin",Other Operating Expenses,Operating Expenses,Operating Income,Interest Expense,Interest & Investment Income,Currency Exchange Gain (Loss),Other Non Operating Income (Expenses),EBT Excluding Unusual Items,Gain (Loss) on Sale of Investments,Gain (Loss) on Sale of Assets,Asset Writedown,Pretax Income,Income Tax Expense,Earnings From Continuing Operations,Earnings From Discontinued Operations,Net Income to Company,Minority Interest in Earnings,Net Income,Net Income to Common,Net Income Growth,Shares Outstanding (Basic),Shares Outstanding (Diluted),Shares Change (YoY),EPS (Basic),EPS (Diluted),EPS Growth,Free Cash Flow,Free Cash Flow Per Share,Dividend Per Share,Dividend Growth,Gross Margin,Operating Margin,Profit Margin,Free Cash Flow Margin,EBITDA,EBITDA Margin,D&A For EBITDA,EBIT,EBIT Margin,Effective Tax Rate,Cash & Equivalents,Short-Term Investments,Trading Asset Securities,Cash & Short-Term Investments,Cash Growth,Accounts Receivable,Other Receivables,Receivables,Inventory,Prepaid Expenses,Other Current Assets,Total Current Assets,"Property, Plant & Equipment",Long-Term Investments,Goodwill,Other Intangible Assets,Long-Term Deferred Tax Assets,Other Long-Term Assets,Total Assets,Accounts Payable,Accrued Expenses,Short-Term Debt,Current Portion of Long-Term Debt,Current Portion of Leases,Current Income Taxes Payable,Current Unearned Revenue,Other Current Liabilities,Total Current Liabilities,Long-Term Debt,Long-Term Leases,Pension & Post-Retirement Benefits,Long-Term Deferred Tax Liabilities,Other Long-Term Liabilities,Total Liabilities,Common Stock,Retained Earnings,Comprehensive Income & Other,Total Common Equity,Minority Interest,Shareholders' Equity,Total Liabilities & Equity,Total Debt,Net Cash (Debt),Net Cash Per Share,Filing Date Shares Outstanding,Total Common Shares Outstanding,Working Capital,Book Value Per Share,Tangible Book Value,Tangible Book Value Per Share,Land,Buildings,Machinery,Construction In Progress,Leasehold Improvements
NATF,National Foods Limited,"Mar 31, 2025",Q3 2025,"27,014",12.84%,"18,477","8,537","5,549",196.12,"5,754","2,783",-594.69,-,-,-,"2,188",-,-,-,"2,188",198.69,"1,989",-,"1,989",-159.38,"1,830","1,830",219.82%,233,233,-0.18%,7.85,7.85,220.41%,"1,741",7.47,2,-,31.60%,10.30%,6.77%,6.45%,"3,270",12.11%,487.66,"2,783",10.30%,9.08%,"3,862",-,1.38,"3,863",34.04%,"3,839",32.56,"3,872","15,230",-,"1,872","24,837","18,943",-,-,"1,468",-,40.02,"45,288","12,742",235.15,"3,420",530.81,"1,128",157.54,334.78,35.35,"18,585","6,316","4,513",31.89,441.72,-,"29,888","1,166","10,998",871.91,"13,036","2,365","15,400","45,288","15,909","-12,045",-51.67,233.12,233.12,"6,252",55.92,"11,568",49.62,-,-,-,-,-
NATF,National Foods Limited,"Dec 31, 2024",Q2 2025,"24,006",18.99%,"17,268","6,738","4,811",-,"4,805","1,933",-660.02,-,-,69.44,"1,343",-,-,-,"1,343",322.36,"1,020",-,"1,020",-201.34,819,819,80.78%,233,233,-0.08%,3.51,3.51,80.93%,"1,652",7.08,2,33.33%,28.07%,8.05%,3.41%,6.88%,"2,345",9.77%,412,"1,933",8.05%,24.01%,"4,016",-,1.38,"4,017",77.69%,"3,345",21.26,"3,366","15,036",-,"2,283","24,702","18,252",-,-,"1,451",-,40.02,"44,445","11,862",199.51,"5,445",297.08,"1,114",215.42,622.12,34.32,"19,788","6,652","3,723",37.01,455.61,-,"30,656","1,166","9,635",786.04,"11,586","2,203","13,789","44,445","17,230","-13,213",-56.63,233.12,233.12,"4,914",49.7,"10,136",43.48,-,-,-,-,-
NATF,National Foods Limited,"Sep 30, 2024",Q1 2025,"8,909",-55.35%,"6,165","2,744","2,555",-,"2,555",188.29,-475.8,-,-,125.02,-162.49,-,-,-,-162.49,53.75,-216.24,805.34,589.1,-319.47,269.63,269.63,-52.18%,233,233,-,1.16,1.16,-52.18%,-742.6,-3.19,-,-,30.80%,2.11%,3.03%,-8.33%,495.24,5.56%,306.95,188.29,2.11%,-,"1,818",-,-,"1,818",-25.43%,"3,560",15.18,"3,575","14,670",-,"2,553","22,616","18,931",-,-,"1,550",39.18,37.23,"43,174","10,621","1,031","2,956",323.58,"1,213",824.65,285.17,22.91,"17,277","6,753","4,306",47.53,-,-,"28,384","1,166","9,981","1,077","12,223","2,566","14,790","43,174","15,551","-13,733",-58.91,233.12,233.12,"5,339",52.43,"10,674",45.79,-,-,-,-,-
NATF,National Foods Limited,"Jun 30, 2024",Q4 2024,"22,305",16.13%,"17,337","4,968","3,976",20.53,"3,984",984.46,-170.09,88.9,-64.91,-598.22,240.14,8.84,58.22,-,307.2,-291.33,598.53,-,598.53,-277.39,321.14,321.14,-49.21%,233,233,-,1.38,1.38,-49.21%,"5,483",23.52,5,100.00%,22.27%,4.41%,1.44%,24.58%,"1,267",5.68%,283,984.46,4.41%,-,"4,832",-,0.74,"4,833",82.36%,"3,240",55.96,"3,296","14,097",927.39,"1,261","24,415","19,218",-,636.83,906.8,62.91,37.05,"45,276","5,060","7,494","4,056",293.62,"1,239",696.49,308.91,356.11,"19,504","6,717","4,598",370.61,29.54,-,"31,220","1,166","9,712",956.75,"11,834","2,222","14,056","45,276","16,904","-12,071",-51.78,233.12,233.12,"4,911",50.76,"10,290",44.14,386.78,"7,201","10,229",403.58,666.77
NATF,National Foods Limited,"Mar 31, 2024",Q3 2024,"23,940",29.39%,"17,278","6,662","4,595",120.02,"4,732","1,931",-739.43,-,-,-,"1,191",-,-,-,"1,191",494.5,696.7,-,696.7,-124.55,572.15,572.15,-64.05%,234,234,0.23%,2.45,2.45,-64.13%,"2,975",12.74,-,-,27.83%,8.06%,2.39%,12.43%,"2,286",9.55%,354.92,"1,931",8.06%,41.51%,"2,770",-,112.13,"2,882",-16.59%,"3,779",8.23,"3,787","14,169",-,"2,543","23,382","19,200",-,-,"1,523",-,34.86,"44,140","9,844",849.51,"5,101",360.86,563.31,948.32,290.59,24.92,"17,983","6,918","5,128",-,292.56,17.36,"30,339","1,166","9,657","1,006","11,828","1,972","13,801","44,140","18,072","-15,189",-65.04,233.12,233.12,"5,399",50.74,"10,305",44.21,-,-,-,-,-
NATF,National Foods Limited,"Dec 31, 2023",Q2 2024,"20,175",49.63%,"14,548","5,627","4,057",-,"4,055","1,572",-623.32,-,-,40.06,988.65,-,-,-,988.65,318.35,670.29,-,670.29,-217.25,453.05,453.05,6.69%,234,234,0.09%,1.94,1.94,6.59%,"2,451",10.5,1.5,-,27.89%,7.79%,2.25%,12.15%,"1,840",9.12%,268.39,"1,572",7.79%,32.20%,"2,156",-,104.83,"2,261",-29.18%,"2,816",60.09,"2,876","17,295",-,"2,389","24,820","17,907",-,-,"1,528",-,34.22,"44,289","9,378",769.28,"8,089",388.54,580.99,703.75,420.46,22.41,"20,353","5,517","4,258",-,290.51,16.18,"30,435","1,166","9,435","1,180","11,780","2,075","13,854","44,289","18,834","-16,573",-70.97,233.12,233.12,"4,467",50.53,"10,252",43.98,-,-,-,-,-
NATF,National Foods Limited,"Sep 30, 2023",Q1 2024,"19,954",52.00%,"14,543","5,411","3,793",-,"3,816","1,596",-466.21,-,-,16.11,"1,146",-,-,-,"1,146",316.12,829.38,-,829.38,-265.54,563.84,563.84,7.10%,233,233,-,2.42,2.42,7.10%,"-5,795",-24.86,-,-,27.12%,8.00%,2.83%,-29.04%,"1,836",9.20%,240.33,"1,596",8.00%,27.60%,"2,146",-,292.51,"2,438",-8.47%,"2,709",164.55,"2,874","16,874",-,"3,084","25,270","17,383",-,-,"1,529",-,37.29,"44,219","9,905",597.26,"8,766",403.92,581.73,800.65,311.49,20.61,"21,387","4,080","4,428",-,357.65,15.07,"30,268","1,166","9,565","1,220","11,950","2,002","13,952","44,219","18,260","-15,821",-67.87,233.12,233.12,"3,884",51.26,"10,421",44.7,-,-,-,-,-
NATF,National Foods Limited,"Jun 30, 2023",Q4 2023,"19,208",51.95%,"14,566","4,642","3,297",679.44,"3,986",655.61,-40.98,193.62,591.17,-354.7,"1,045",-7.28,23.19,-,"1,061",202.56,858.06,-,858.06,-225.78,632.28,632.28,62.82%,233,233,-,2.71,2.71,62.82%,481.71,2.07,2.5,-50.00%,24.17%,3.41%,3.29%,2.51%,904.63,4.71%,249.02,655.61,3.41%,19.10%,"1,713",-,937.05,"2,650",7.64%,"3,228",136.87,"3,365","15,066",990.31,"1,257","23,329","14,268",-,677.51,838.38,-,40.26,"39,153","4,173","6,844","5,407",372.4,644.68,"1,097",355.14,313.52,"19,206","3,961","2,382",295.87,348.03,4.63,"26,198","1,166","8,739","1,271","11,175","1,780","12,955","39,153","12,767","-10,117",-43.4,233.12,233.12,"4,122",47.94,"9,659",41.43,387.33,"3,190","6,958","4,835",385.47
NATF,National Foods Limited,"Mar 31, 2023",Q3 2023,"18,502",47.42%,"12,885","5,617","3,494",-363.06,"3,131","2,486",-314.69,-,-,-,"2,172",-,-,-,"2,172",463.71,"1,708",-,"1,708",-116.69,"1,591","1,591",84.49%,233,233,-0.06%,6.83,6.83,84.59%,"1,308",5.62,-,-,30.36%,13.44%,8.60%,7.07%,"2,733",14.77%,246.96,"2,486",13.44%,21.35%,"1,778",-,"1,678","3,456",49.51%,"2,915",-,"2,915","13,116",-,"2,671","22,158","13,496",-,-,"1,415",-,98.29,"37,167","10,265",321.67,"4,438",364.93,504.46,"1,412",277.81,58.67,"17,643","4,403","2,487",-,239.8,26.18,"24,798","1,166","8,339","1,793","11,298","1,072","12,369","37,167","12,197","-8,742",-37.52,233.12,233.12,"4,515",48.46,"9,883",42.39,-,-,-,-,-
NATF,National Foods Limited,"Dec 31, 2022",Q2 2023,"13,484",30.19%,"9,644","3,840","2,720",56.87,"2,771","1,069",-261.06,-,-,-,807.44,-,-,-,807.44,264.18,543.26,-,543.26,-118.62,424.64,424.64,-8.18%,233,233,-0.11%,1.82,1.82,-8.08%,"-1,494",-6.4,-,-,28.48%,7.92%,3.15%,-11.08%,"1,164",8.63%,95.76,"1,069",7.92%,32.72%,"1,561",-,"1,631","3,192",3.43%,"1,970",208.3,"2,178","11,300",-,"1,694","18,364","11,901",-,-,"1,143",-,94.38,"31,502","7,212",216.95,"5,630",331.48,404.52,"1,273",279.04,58.94,"15,406","4,177","1,973",-,252.56,26.06,"21,835","1,166","6,748",790.1,"8,703",964.19,"9,667","31,502","12,516","-9,324",-39.96,233.32,233.32,"2,958",37.3,"7,560",32.4,-,-,-,-,-
NATF,National Foods Limited,"Sep 30, 2022",Q1 2023,"13,128",31.58%,"9,619","3,509","2,583",-186.89,"2,401","1,107",-187.45,-,-,-,920.01,-,-,-,920.01,234.67,685.34,-,685.34,-158.86,526.48,526.48,-25.93%,233,233,-,2.26,2.26,-25.93%,"-1,059",-4.54,-,-,26.73%,8.44%,4.01%,-8.07%,"1,452",11.06%,344.45,"1,107",8.44%,25.51%,"2,110",-,554.17,"2,664",-27.21%,"1,949",323.79,"2,273","10,494",-,"1,812","17,243","10,471",14.22,-,"1,008",-,101.7,"28,838","7,425",131.2,"6,433",457.03,406.61,"1,180",151.04,22.54,"16,207",509.71,"1,608",-,200.06,31.18,"18,556","1,166","7,488",768.66,"9,423",859.89,"10,283","28,838","9,414","-6,750",-28.96,233.12,233.12,"1,036",40.42,"8,415",36.1,-,-,-,-,-
NATF,National Foods Limited,"Jun 30, 2022",Q4 2022,"12,641",39.87%,"9,586","3,055","2,385",311.69,"2,744",311.13,-,169.88,374.34,-202.95,652.4,-28.61,45.95,-,701.18,198.24,502.94,-,502.94,-114.61,388.34,388.34,6.49%,233,233,-,1.67,1.67,6.49%,841.06,3.61,5,25.00%,24.17%,2.46%,3.07%,6.65%,496.23,3.93%,185.1,311.13,2.46%,28.27%,"1,137",-,"1,325","2,462",-39.11%,"2,724",0.27,"2,724","9,628",482.57,822.77,"16,119","9,895",14.22,453.3,518.86,-,94.22,"27,095","1,969","5,658","4,883",613.65,433.96,"1,270",109.1,258.8,"15,196",511.59,"1,681",-,199.51,34.25,"17,622","1,166","6,962",577.42,"8,705",767.77,"9,473","27,095","8,123","-5,661",-24.28,233.12,233.12,923.71,37.34,"7,733",33.17,387.33,"3,050","5,783","2,148",267.44
NATF,National Foods Limited,"Mar 31, 2022",Q3 2022,"12,551",32.39%,"8,780","3,770","2,434",-45.01,"2,389","1,381",-183.68,-,-,0.5,"1,198",-,-,-,"1,198",293.89,904.04,-,904.04,-41.48,862.56,862.56,50.28%,233,233,-0.09%,3.7,3.7,50.41%,"-1,300",-5.57,-,-,30.04%,11.00%,6.87%,-10.35%,"1,581",12.60%,200.26,"1,381",11.00%,24.53%,"2,225",-,86.42,"2,311",23.76%,"3,001",21.46,"3,022","8,977",-,"1,603","15,914","7,887",30,-,912.12,-,101.03,"24,844","6,802",55.29,"4,174",617.14,227.89,"1,198",245.68,24.29,"13,345","1,263","1,269",-,225.23,12.36,"16,114","1,166","6,573",345.73,"8,085",645.43,"8,730","24,844","7,551","-5,239",-22.47,233.12,233.12,"2,569",34.68,"7,173",30.77,-,-,-,-,-
NATF,National Foods Limited,"Dec 31, 2021",Q2 2022,"10,357",29.78%,"7,462","2,895","2,180",-53,"2,127",768.01,-105.27,-,-,-,662.74,-,-,-,662.74,137.73,525.02,-,525.02,-62.53,462.49,462.49,58.50%,234,234,18.47%,1.98,1.98,33.78%,"-1,908",-8.17,-,-,27.95%,7.41%,4.46%,-18.43%,964.19,9.31%,196.19,768.01,7.41%,20.78%,"2,370",-,716.65,"3,086",120.53%,"1,410",72.42,"1,482","7,958",-,"1,602","14,129","7,540",30,-,850.69,-,100.13,"22,650","6,265",12.91,"3,905",745.6,215.81,"1,117",220.48,24.05,"12,506",708.39,"1,376",-,218.35,10.95,"14,820","1,166","5,711",181.42,"7,058",772.25,"7,830","22,650","6,951","-3,865",-16.55,233.12,233.12,"1,622",30.28,"6,207",26.63,-,-,-,-,-
NATF,National Foods Limited,"Sep 30, 2021",Q1 2022,"9,977",23.32%,"7,087","2,890","1,827",-72.83,"1,754","1,136",-82.15,-,-,-,"1,054",-,-,-,"1,054",268.58,785.08,-,785.08,-74.31,710.76,710.76,34.58%,233,233,-,3.05,3.05,34.58%,700.03,3,-,-,28.97%,11.38%,7.12%,7.02%,"1,319",13.22%,183.47,"1,136",11.38%,25.49%,"2,000","1,660",-,"3,660",71.46%,882.52,191.96,"1,074","7,118",-,721.23,"12,574","6,830",30,-,829.64,-,96.52,"20,360","5,837",2.9,"2,082",752.96,208.35,"1,258",77.66,21.15,"10,240",741.05,969.9,-,226.28,25.21,"12,202",932.46,"6,414",102.69,"7,449",709.42,"8,158","20,360","4,754","-1,095",-4.7,233.12,233.12,"2,334",31.95,"6,619",28.4,-,-,-,-,-
NATF,National Foods Limited,"Jun 30, 2021",Q4 2021,"9,038",17.61%,"6,896","2,141","1,599",-43.18,"1,589",552.6,-56.53,59.33,-59,-34.94,461.47,1.2,41.84,-,504.51,96.04,408.47,-,408.47,-43.81,364.66,364.66,-37.86%,233,233,-,1.56,1.56,-37.86%,837.09,3.59,4,25.00%,23.69%,6.11%,4.04%,9.26%,691.91,7.66%,139.31,552.6,6.11%,19.04%,"3,042",-,"1,001","4,044",223.35%,971.4,109.85,"1,081","6,614",335.1,297.59,"12,372","6,601",30,362.2,434.7,-,95.56,"19,895","1,753","3,248","2,861",744.56,218.02,"1,077",195.39,421.68,"10,518",883.08,958.1,7.01,208.11,47.45,"12,622",932.46,"5,703",2.76,"6,638",635.1,"7,273","19,895","5,665","-1,622",-6.96,233.12,233.12,"1,853",28.48,"5,841",25.06,232.55,"2,870","4,935",467.42,91.83
NATF,National Foods Limited,"Mar 31, 2021",Q3 2021,"9,480",29.65%,"6,725","2,755","1,710",79.15,"1,789",965.91,-63.73,-,-,-,902.18,-,-,-,902.18,279.98,622.2,-,622.2,-48.21,573.99,573.99,23.56%,233,233,-0.35%,2.46,2.46,23.99%,647.67,2.78,-,-,29.06%,10.19%,6.05%,6.83%,"1,135",11.98%,169.56,965.91,10.19%,31.03%,"1,868",-,-,"1,868",119.80%,"1,938",18,"1,956","5,825",-,"1,356","11,004","6,054",30,-,777.59,-,49.54,"17,915","4,905",381.45,"1,020",914.04,133.05,"1,090",261.29,21.41,"8,726",984.61,528.51,-,258.79,26.52,"10,525",932.46,"5,305",322.37,"6,560",830.51,"7,390","17,915","3,580","-1,713",-7.34,233.12,233.12,"2,278",28.14,"5,782",24.8,-,-,-,-,-
NATF,National Foods Limited,"Dec 31, 2020",Q2 2021,"7,980",23.13%,"5,749","2,231","1,697",1.79,"1,699",531.98,-92.34,-,-,-,439.64,-,-,-,439.64,90.57,349.08,-,349.08,-57.28,291.8,291.8,470.86%,197,197,-15.99%,1.48,1.48,579.51%,-487.8,-2.47,-,-,27.96%,6.67%,3.66%,-6.11%,697.43,8.74%,165.45,531.98,6.67%,20.60%,"1,399",-,-,"1,399",65.56%,901.08,29.04,930.12,"5,362",-,"1,264","8,956","6,032",30,-,809.79,-,50.09,"15,877","4,046",62.77,"1,017",804.53,137.66,902.5,518.89,21.56,"7,511","1,187",572.91,-,244.03,19.45,"9,534",932.46,"4,731",30.57,"5,694",649.5,"6,344","15,877","3,719","-2,319",-11.76,233.12,233.12,"1,445",24.43,"4,884",20.95,-,-,-,-,-
RMPL,Rafhan Maize,,,Revenue,Revenue Growth (YoY),Cost of Revenue,Gross Profit,"Selling, General & Admin",Other Operating Expenses,Operating Expenses,Operating Income,Interest Expense,Interest & Investment Income,Currency Exchange Gain (Loss),Other Non Operating Income (Expenses),EBT Excluding Unusual Items,Gain (Loss) on Sale of Investments,Gain (Loss) on Sale of Assets,Pretax Income,Income Tax Expense,Net Income,Net Income to Common,Net Income Growth,Shares Outstanding (Basic),Shares Outstanding (Diluted),Shares Change (YoY),EPS (Basic),EPS (Diluted),EPS Growth,Free Cash Flow,Free Cash Flow Per Share,Dividend Per Share,Dividend Growth,Gross Margin,Operating Margin,Profit Margin,Free Cash Flow Margin,EBITDA,EBITDA Margin,D&A For EBITDA,EBIT,EBIT Margin,Effective Tax Rate,Cash & Equivalents,Short-Term Investments,Trading Asset Securities,Cash & Short-Term Investments,Cash Growth,Accounts Receivable,Other Receivables,Receivables,Inventory,Prepaid Expenses,Other Current Assets,Total Current Assets,"Property, Plant & Equipment",Other Long-Term Assets,Total Assets,Accounts Payable,Accrued Expenses,Short-Term Debt,Current Portion of Long-Term Debt,Current Portion of Leases,Current Income Taxes Payable,Current Unearned Revenue,Other Current Liabilities,Total Current Liabilities,Long-Term Debt,Long-Term Leases,Long-Term Unearned Revenue,Long-Term Deferred Tax Liabilities,Total Liabilities,Common Stock,Additional Paid-In Capital,Retained Earnings,Comprehensive Income & Other,Shareholders' Equity,Total Liabilities & Equity,Total Debt,Net Cash (Debt),Net Cash Growth,Net Cash Per Share,Filing Date Shares Outstanding,Total Common Shares Outstanding,Working Capital,Book Value Per Share,Tangible Book Value,Tangible Book Value Per Share,Land,Buildings,Machinery,Construction In Progress,,,,,,,,,,,
RMPL,Rafhan Maize,"Sep 30, 2025",Q3 2025,"18,913",13.32%,"15,978","2,935",708.97,30.97,739.94,"2,196",-249.77,63.79,-,-,"2,010",-,1.44,"2,011",787.3,"1,224","1,224",-34.02%,9,9,-,132.48,132.48,-34.02%,"-4,080",-441.7,130,30.00%,15.52%,11.61%,6.47%,-21.57%,"2,374",12.55%,178.02,"2,196",11.61%,39.15%,"2,739","5,813",-,"8,552",163.48%,"3,458",55.8,"3,669","28,843",570.32,-,"41,634","10,232",76.68,"51,945","9,325",-,"9,726",37.21,8.26,830.25,923.65,636.38,"21,487",126.33,-,71.06,"1,261","22,945",92.36,36.95,"28,870",0.94,"29,000","51,945","9,898","-1,346",-,-145.72,9.24,9.24,"20,148",3139.68,"29,000",3139.68,-,-,-,-,,,,,,,,,,,
RMPL,Rafhan Maize,"Jun 30, 2025",Q2 2025,"17,470",7.99%,"13,702","3,768",678.71,176.57,855.28,"2,913",-122.89,174.88,-,-,"2,965",149.7,14.19,"3,129","1,218","1,911","1,911",0.46%,9,9,0.00%,206.9,206.9,0.46%,756.09,81.86,100,-,21.57%,16.67%,10.94%,4.33%,"3,101",17.75%,188.59,"2,913",16.67%,38.92%,"2,602","1,494","9,038","13,133",4.45%,"3,517",34.5,"3,726","31,131",243.43,-,"48,234","9,801",103.47,"58,141","6,569","7,761","8,561",19.68,12.07,570.49,"1,087","3,242","27,823",148.62,-,74.03,"1,395","29,441",92.36,36.95,"28,570",0.94,"28,700","58,141","8,742","4,392",-43.31%,475.46,9.24,9.24,"20,411",3107.19,"28,700",3107.19,-,-,-,-,,,,,,,,,,,
RMPL,Rafhan Maize,"Mar 31, 2025",Q1 2025,"19,060",9.22%,"15,163","3,897",686.51,-226.28,460.23,"3,437",-246.61,-,-,-,"3,190",-,-,"3,190","1,235","1,955","1,955",8.12%,9,9,0.00%,211.67,211.67,8.12%,"-2,179",-235.91,100,33.33%,20.45%,18.03%,10.26%,-11.43%,"3,618",18.98%,181.29,"3,437",18.03%,38.72%,"1,649","10,837",-,"12,487",59.58%,"3,761",96.41,"4,069","22,517",158.74,-,"39,231","9,845",452.89,"49,531","8,972",-,"7,803",83.36,13.5,697.89,"1,054",36.2,"18,660",389.25,2.13,80.43,"1,546","20,678",92.36,36.95,"28,722",0.94,"28,852","49,531","8,291","4,195",7.96%,454.22,9.24,9.24,"20,571",3123.8,"28,852",3123.8,-,-,-,-,,,,,,,,,,,
RMPL,Rafhan Maize,"Dec 31, 2024",Q4 2024,"19,605",21.79%,"15,701","3,904",663.72,119.36,781.46,"3,123",-148.44,237.54,12.3,-85.87,"3,138",89.85,10.71,"3,239","1,329","1,910","1,910",41.47%,9,9,0.00%,206.8,206.8,41.46%,"8,790",951.61,100,-,19.91%,15.93%,9.74%,44.83%,"3,290",16.78%,166.62,"3,123",15.93%,41.03%,"6,336","1,969","6,596","14,901",23.81%,"3,173",52.16,"3,252","22,960",300.94,120.87,"41,535","9,891",449.07,"51,878","6,850","3,851","8,073",85.71,9.03,769.59,"1,597","1,725","22,961",400.29,4.22,83.3,"1,532","24,981",92.36,36.95,"26,767",0.94,"26,897","51,878","8,572","6,329",14.85%,685.19,9.24,9.24,"18,574",2912.08,"26,897",2912.08,386.72,"3,123","12,011","1,938",,,,,,,,,,,
RMPL,Rafhan Maize,"Sep 30, 2024",Q3 2024,"16,690",7.83%,"12,860","3,830",578.2,148.26,726.46,"3,103",-187.94,107.53,-,-,"3,023",-,0.49,"3,024","1,169","1,855","1,855",37.74%,9,9,0.00%,200.78,200.78,37.74%,"-8,069",-873.56,100,-,22.95%,18.59%,11.11%,-48.34%,"3,288",19.70%,184.9,"3,103",18.59%,38.66%,"1,525","1,721",-,"3,246",-22.02%,"3,388",28.54,"3,601","26,228",371.98,-,"33,447","9,464",684.86,"43,596","8,941",99.27,"3,523",90.35,11.65,742.83,"1,498",634.8,"15,541",411.4,6.17,79.11,"1,497","17,534",92.36,36.95,"25,932",0.94,"26,062","43,596","4,042",-796.31,-,-86.21,9.24,9.24,"17,906",2821.61,"26,062",2821.61,-,-,-,-,,,,,,,,,,,
RMPL,Rafhan Maize,"Jun 30, 2024",Q2 2024,"16,177",-0.66%,"12,844","3,333",575.43,158,733.43,"2,600",-160.48,492.91,9.77,-,"2,942",-,0.68,"2,943","1,040","1,902","1,902",17.19%,9,9,0.00%,205.95,205.95,17.19%,"7,298",790.17,100,33.33%,20.61%,16.07%,11.76%,45.12%,"2,788",17.24%,188.4,"2,600",16.07%,35.36%,"2,478","10,096",-,"12,574",10.58%,"2,979",112.47,"3,445","20,072",434.69,-,"36,526","8,887",672.34,"46,086","3,617","7,716","4,268",100.36,14.25,556.22,"1,047","1,525","18,844",435.86,7.82,94.9,"1,572","20,955",92.36,36.95,"25,001",0.94,"25,131","46,086","4,826","7,747",-2.88%,838.8,9.24,9.24,"17,682",2720.87,"25,131",2720.87,-,-,-,-,,,,,,,,,,,
RMPL,Rafhan Maize,"Mar 31, 2024",Q1 2024,"17,450",-0.89%,"13,889","3,562",614.82,-86.02,527.36,"3,034",-195.32,-,-,-,"2,839",-,-,"2,839","1,031","1,808","1,808",-30.26%,9,9,0.00%,195.77,195.77,-30.26%,"-1,673",-181.07,75,-,20.41%,17.39%,10.36%,-9.58%,"3,199",18.33%,164.78,"3,034",17.39%,36.31%,"1,318","6,506",-,"7,824",10.90%,"3,331",27.89,"3,561","21,770",193.87,-,"33,349","8,845",659.56,"42,854","9,383",149.62,"3,379",50.54,5.51,776.11,568.67,"1,684","15,996",493.83,9.39,101.88,"1,408","18,009",92.36,36.95,"24,715",0.94,"24,845","42,854","3,938","3,886",-32.62%,420.73,9.24,9.24,"17,353",2689.87,"24,845",2689.87,-,-,-,-,,,,,,,,,,,
RMPL,Rafhan Maize,"Dec 31, 2023",Q4 2023,"16,097",-5.35%,"13,820","2,278",531.28,-41.98,491.27,"1,786",-58.84,282.94,-38.13,-54.34,"1,918",-,8.95,"1,927",576.7,"1,350","1,350",6.18%,9,9,0.00%,146.19,146.19,6.18%,"8,401",909.59,100,33.33%,14.15%,11.10%,8.39%,52.19%,"1,934",12.01%,147.65,"1,786",11.10%,29.93%,"6,637",-,"5,399","12,036",181.98%,"2,924",106.97,"3,067","26,343",383.17,92.21,"41,921","8,718",647.49,"51,288","11,461","4,356","6,124",44.37,5.11,620.47,681.23,"3,117","26,409",341.22,10.87,94.75,"1,395","28,251",92.36,36.95,"22,907",0.94,"23,037","51,288","6,525","5,510",159.48%,596.6,9.24,9.24,"15,512",2494.14,"23,037",2494.14,386.72,"2,954","11,046","1,226",,,,,,,,,,,
RMPL,Rafhan Maize,"Sep 30, 2023",Q3 2023,"15,478",0.71%,"12,583","2,895",589.18,104.65,693.83,"2,201",-224.41,175.99,-,-,"2,153",-,6.61,"2,159",812.99,"1,346","1,346",-18.91%,9,9,0.00%,145.77,145.77,-18.90%,"-7,976",-863.51,100,100.00%,18.70%,14.22%,8.70%,-51.53%,"2,350",15.18%,148.75,"2,201",14.22%,37.65%,"2,231","1,932",-,"4,162",658.46%,"2,467",26.71,"2,912","26,709",501.79,-,"34,286","8,014",439.93,"42,742","9,330",193.87,"5,311",25.97,-,"1,194",676.99,"1,983","18,715",331.72,-,82.86,"1,093","20,222",92.36,36.95,"22,390",0.94,"22,520","42,742","5,669","-1,507",-,-163.14,9.24,9.24,"15,571",2438.23,"22,520",2438.23,-,-,-,-,,,,,,,,,,,
RMPL,Rafhan Maize,"Jun 30, 2023",Q2 2023,"16,284",17.16%,"11,889","4,395",538.79,235.3,774.09,"3,621",-52.91,545.85,-,-,"4,114",-,29.37,"4,143","2,520","1,623","1,623",10.93%,9,9,0.00%,175.74,175.74,10.93%,"2,253",243.93,75,50.00%,26.99%,22.23%,9.97%,13.84%,"3,760",23.09%,139.75,"3,621",22.23%,60.82%,"11,371",-,-,"11,371",84.45%,"3,079",261.29,"3,761","20,183",607.16,-,"35,922","7,499",444.05,"43,867","12,397",53.95,"3,222",20.42,1.74,"1,264",645.47,"3,030","20,634",149.63,-,39.47,"1,177","22,001",92.36,0.94,"21,736",36.95,"21,867","43,867","3,394","7,977",46.65%,863.66,9.24,9.24,"15,287",2367.4,"21,867",2367.4,-,-,-,-,,,,,,,,,,,
RMPL,Rafhan Maize,"Mar 31, 2023",Q1 2023,"17,608",41.08%,"13,185","4,423",519.44,50.07,579.12,"3,844",-73.1,-,-,-,"3,771",-,-,"3,771","1,178","2,593","2,593",45.32%,9,9,0.00%,280.73,280.73,45.32%,"3,531",382.32,75,-25.00%,25.12%,21.83%,14.73%,20.05%,"3,980",22.61%,136.23,"3,844",21.83%,31.24%,"3,621","3,435",-,"7,056",23.50%,"3,845",111.11,"4,178","16,722",52.8,-,"28,008","7,079",452.23,"35,545","8,159",57.37,"1,203",18.05,3.45,376.41,881.99,"2,133","12,832",63.79,-,41.34,978.78,"13,916",92.36,36.95,"21,499",0.94,"21,629","35,545","1,288","5,767",2.75%,624.42,9.24,9.24,"15,176",2341.67,"21,629",2341.67,-,-,-,-,,,,,,,,,,,
RMPL,Rafhan Maize,"Dec 31, 2022",Q4 2022,"17,008",39.72%,"14,177","2,830",463.8,121.97,585.69,"2,245",-23.5,43.42,5.24,-40.8,"2,229",-,11.27,"2,240",968.7,"1,272","1,272",32.71%,9,9,0.00%,137.67,137.67,32.71%,"5,659",612.64,75,-50.00%,16.64%,13.20%,7.48%,33.27%,"2,370",13.94%,125.42,"2,245",13.20%,43.24%,887.94,"3,380",-,"4,268",-10.36%,"2,874",28.47,"2,924","17,944",72.71,204.43,"25,413","6,849",449.28,"32,719","2,523","3,669","2,058",11.93,5.12,287.84,693.45,"3,342","12,590",69.35,-,43.23,979.86,"13,683",92.36,36.95,"18,906",0.94,"19,036","32,719","2,145","2,124",-45.19%,229.92,9.24,9.24,"12,823",2060.95,"19,036",2060.95,386.72,"2,710","9,399",731.66,,,,,,,,,,,
RMPL,Rafhan Maize,"Sep 30, 2022",Q3 2022,"15,368",46.02%,"12,190","3,179",447.73,112.72,561,"2,618",-112.09,-,-,-,"2,506",-,-,"2,506",845.41,"1,660","1,660",27.20%,9,9,0.00%,179.75,179.75,27.20%,"-8,692",-941.06,50,-66.67%,20.68%,17.03%,10.80%,-56.56%,"2,748",17.88%,130.55,"2,618",17.03%,33.74%,548.79,-,-,548.79,-78.67%,"2,819",15.71,"3,078","21,238",249.9,-,"25,115","6,435",134.89,"31,692","6,243",93.1,"3,914",-,6.72,190.65,550.41,"1,833","12,831",-,-,-,844.52,"13,676",92.36,36.95,"17,886",0.94,"18,017","31,692","3,921","-3,372",-,-365.06,9.24,9.24,"12,283",1950.6,"18,017",1950.6,-,-,-,-,,,,,,,,,,,
RMPL,Rafhan Maize,"Jun 30, 2022",Q2 2022,"13,899",38.31%,"10,908","2,991",390.81,-158.05,232.76,"2,758",-20.91,-,-,-,"2,737",-,-,"2,737","1,274","1,463","1,463",-27.55%,9,9,0.00%,158.42,158.42,-27.55%,380.8,41.23,50,-66.67%,21.52%,19.84%,10.53%,2.74%,"2,888",20.78%,129.51,"2,758",19.84%,46.54%,"3,186","2,979",-,"6,165",-24.54%,"2,395",75.99,"2,996","13,861",332.39,-,"23,353","6,475",134.89,"29,971","8,532",9.64,656.35,60.62,6.47,784.79,708.33,"1,536","12,295",-,1.73,-,856.06,"13,152",92.36,36.95,"16,688",0.94,"16,818","29,971",725.18,"5,439",-31.82%,588.92,9.24,9.24,"11,059",1820.87,"16,818",1820.87,-,-,-,-,,,,,,,,,,,
RMPL,Rafhan Maize,"Mar 31, 2022",Q1 2022,"12,481",26.54%,"9,651","2,831",372.48,11.34,381.55,"2,449",-10.7,-,-,-,"2,438",-,-,"2,438",654,"1,784","1,784",-9.62%,9,9,0.00%,193.18,193.18,-9.62%,"2,539",274.93,100,-33.33%,22.68%,19.62%,14.30%,20.35%,"2,577",20.65%,128.25,"2,449",19.62%,26.82%,"2,751","2,962",-,"5,713",-29.37%,"2,363",42.86,"2,563","8,796",71.14,-,"17,143","6,492",134.89,"23,777","4,418",2,-,90.41,6.2,170.61,533.42,34.85,"5,256",-,3.45,-,854.34,"6,113",92.36,36.95,"17,534",0.94,"17,664","23,777",100.06,"5,613",-28.66%,607.71,9.24,9.24,"11,888",1912.46,"17,664",1912.46,-,-,-,-,,,,,,,,,,,
RMPL,Rafhan Maize,"Dec 31, 2021",Q4 2021,"12,173",24.36%,"10,223","1,950",392.16,78.64,467.49,"1,482",-,103.92,0.4,-30.65,"1,556",-,0.05,"1,556",597.8,958.22,958.22,-45.61%,9,9,0.00%,103.74,103.74,-45.61%,"3,126",338.42,150,-40.00%,16.02%,12.18%,7.87%,25.68%,"1,600",13.14%,117.41,"1,482",12.18%,38.42%,"3,776",986.16,-,"4,762",-47.98%,"2,022",39.34,"2,074","10,422",139.54,56.09,"17,454","6,503",134.89,"24,097","1,255","2,413",756.23,119.81,5.99,121.14,682.45,"2,005","7,359",-,5.09,-,853.28,"8,217",92.36,36.95,"15,750",0.94,"15,880","24,097",887.12,"3,875",-56.56%,419.5,9.24,9.24,"10,095",1719.27,"15,880",1719.27,386.72,"2,706","9,244",202.71,,,,,,,,,,,
RMPL,Rafhan Maize,"Sep 30, 2021",Q3 2021,"10,525",17.46%,"8,267","2,257",314.65,25.71,340.14,"1,917",-11.37,-,-,-,"1,906",-,-,"1,906",600.78,"1,305","1,305",-28.12%,9,9,-,141.31,141.31,-28.12%,"-3,124",-338.21,150,-,21.45%,18.22%,12.40%,-29.68%,"2,041",19.39%,123.34,"1,917",18.22%,31.52%,"1,079","1,494",-,"2,573",-61.12%,"1,951",30.65,"2,117","12,033",180.35,-,"16,904","6,403",195.34,"23,507","4,126",1.17,-,148.86,5.72,134.75,589.46,"1,274","6,279",-,6.67,-,870.82,"7,157",92.36,36.95,"16,220",0.94,"16,350","23,507",161.25,"2,412",-62.22%,261.16,9.24,9.24,"10,625",1770.17,"16,350",1770.17,-,-,-,-,,,,,,,,,,,
RMPL,Rafhan Maize,"Jun 30, 2021",Q2 2021,"10,049",28.62%,"6,987","3,062",291.51,-5.16,286.35,"2,776",-11.35,-,-,-,"2,764",-,-,"2,764",744.55,"2,020","2,020",60.45%,9,9,0.00%,218.66,218.66,60.45%,"1,247",135.01,150,-,30.47%,27.62%,20.10%,12.41%,"2,899",28.85%,123.48,"2,776",27.62%,26.93%,"7,169",999.8,-,"8,169",0.45%,"1,865",149.9,"2,194","8,034",193.04,-,"18,590","6,446",195.08,"25,237","4,255",1.42,-,132.72,5.5,342.06,718.55,"2,427","7,883",44.84,8.14,1.8,868.78,"8,806",92.36,36.95,"16,300",0.94,"16,430","25,237",191.21,"7,978",1.18%,863.74,9.24,9.24,"10,708",1778.83,"16,430",1778.83,-,-,-,-,,,,,,,,,,,
RMPL,Rafhan Maize,"Mar 31, 2021",Q1 2021,"9,863",5.92%,"6,814","3,049",294.19,349.87,644.06,"2,405",-10,307.27,-,-,"2,702",-,12.45,"2,715",740.29,"1,974","1,974",56.93%,9,9,0.00%,213.75,213.75,56.94%,-268.34,-29.05,150,-,30.91%,24.38%,20.02%,-2.72%,"2,528",25.63%,122.79,"2,405",24.38%,27.27%,"5,511","2,578",-,"8,089",159.38%,"1,810",20.51,"1,967","6,513",79.48,-,"16,648","6,475",195.08,"23,323","3,266",1.66,-,124.79,5.28,350.65,481.72,28.97,"4,259",81.1,9.59,3.6,866.43,"5,220",92.36,36.95,"17,974",0.94,"18,104","23,323",220.76,"7,868",152.62%,851.88,9.24,9.24,"12,389",1960,"18,104",1960,-,-,-,-,,,,,,,,,,,
RMPL,Rafhan Maize,"Dec 31, 2020",Q4 2020,"9,789",0.33%,"6,928","2,861",301.11,153.95,457.03,"2,404",-,153.12,-11.67,-24.6,"2,520",-,0.87,"2,521",759.59,"1,762","1,762",6.69%,9,9,0.00%,190.74,190.74,6.69%,"3,816",413.18,250,25.00%,29.22%,24.55%,18.00%,38.99%,"2,525",25.80%,121.74,"2,404",24.55%,30.13%,"6,565","2,588",-,"9,154",71.77%,"1,552",20.92,"1,586","5,252",158.41,24.31,"16,175","6,468",195.08,"22,845","1,052","1,915",-,127.83,-,236.75,534.18,"1,872","5,738",106.04,-,5.39,864.64,"6,714",92.36,36.95,"16,001",0.94,"16,131","22,845",233.87,"8,920",67.54%,965.77,9.24,9.24,"10,437",1746.45,"16,131",1746.45,386.72,"2,678","8,787",203.68,,,,,,,,,,,
MUREB,Murree Brewery Company Limited ,,,Revenue,Revenue Growth (YoY),Cost of Revenue,Gross Profit,"Selling, General & Admin",Other Operating Expenses,Operating Expenses,Operating Income,Interest Expense,Interest & Investment Income,Currency Exchange Gain (Loss),Other Non Operating Income (Expenses),EBT Excluding Unusual Items,Gain (Loss) on Sale of Investments,Gain (Loss) on Sale of Assets,Asset Writedown,Pretax Income,Income Tax Expense,Net Income,Net Income to Common,Net Income Growth,Shares Outstanding (Basic),Shares Outstanding (Diluted),Shares Change (YoY),EPS (Basic),EPS (Diluted),EPS Growth,Free Cash Flow,Free Cash Flow Per Share,Dividend Per Share,Dividend Growth,Gross Margin,Operating Margin,Profit Margin,Free Cash Flow Margin,EBITDA,EBITDA Margin,D&A For EBITDA,EBIT,EBIT Margin,Effective Tax Rate,Cash & Equivalents,Short-Term Investments,Trading Asset Securities,Cash & Short-Term Investments,Cash Growth,Accounts Receivable,Other Receivables,Receivables,Inventory,Prepaid Expenses,Other Current Assets,Total Current Assets,"Property, Plant & Equipment",Long-Term Investments,Other Intangible Assets,Other Long-Term Assets,Total Assets,Accounts Payable,Accrued Expenses,Current Portion of Long-Term Debt,Current Portion of Leases,Current Income Taxes Payable,Current Unearned Revenue,Other Current Liabilities,Total Current Liabilities,Long-Term Debt,Long-Term Leases,Long-Term Unearned Revenue,Pension & Post-Retirement Benefits,Long-Term Deferred Tax Liabilities,Other Long-Term Liabilities,Total Liabilities,Common Stock,Retained Earnings,Comprehensive Income & Other,Shareholders' Equity,Total Liabilities & Equity,Total Debt,Net Cash (Debt),Net Cash Growth,Net Cash Per Share,Filing Date Shares Outstanding,Total Common Shares Outstanding,Working Capital,Book Value Per Share,Tangible Book Value,Tangible Book Value Per Share,Land,Buildings,Machinery,Construction In Progress,,,,,,,,
MUREB,Murree Brewery Company Limited ,"Mar 31, 2025",Q3 2025,"6,133",16.07%,"4,551","1,582",558.25,63.75,622.01,959.8,-2.6,127.68,-,-,"1,085",-,-,-,"1,085",461.68,623.2,623.2,-2.32%,28,28,-,22.53,22.53,-2.32%,263.95,9.54,10,-,25.79%,15.65%,10.16%,4.30%,"1,078",17.58%,118.27,959.8,15.65%,42.56%,"2,782","3,880",-,"6,662",71.25%,41.99,-,41.99,"5,822",-,729.17,"13,255","7,091",503.18,-,731.5,"21,601","2,111",38.81,-,20.11,"1,455",228.52,188.01,"4,041",-,6.63,-,300.9,539.46,-,"4,888",276.64,"16,405",30.68,"16,713","21,601",26.74,"6,635",71.51%,239.86,27.66,27.66,"9,214",604.14,"16,713",604.14,-,-,-,-,,,,,,,,
MUREB,Murree Brewery Company Limited ,"Dec 31, 2024",Q2 2025,"7,202",25.40%,"5,439","1,763",478.14,62.19,540.33,"1,222",-2.39,240.65,-,-,"1,461",-,-,-,"1,461",531.38,929.18,929.18,65.43%,28,28,-,33.59,33.59,65.43%,-166.34,-6.01,12,50.00%,24.48%,16.97%,12.90%,-2.31%,"1,334",18.53%,111.91,"1,222",16.97%,36.38%,"3,305","3,296",-,"6,601",95.25%,30.19,-,30.19,"4,239",-,"1,315","12,185","7,250",503.92,-,746.39,"20,705","1,645",39.18,-,10.01,"1,275",282.8,177.87,"3,430",-,13.2,-,309.99,530.75,-,"4,284",276.64,"11,811","4,334","16,421","20,705",23.21,"6,578",95.79%,237.77,27.66,27.66,"8,755",593.61,"16,421",593.61,-,-,-,-,,,,,,,,
MUREB,Murree Brewery Company Limited ,"Sep 30, 2024",Q1 2025,"7,104",41.61%,"5,186","1,918",626.55,93.5,720.05,"1,198",-2.1,302.28,-,0,"1,498",-,-,-,"1,498",584.27,913.86,913.86,54.71%,28,28,-,33.03,33.03,54.71%,506.56,18.31,5,-33.33%,27.00%,16.86%,12.86%,7.13%,"1,310",18.44%,111.81,"1,198",16.86%,39.00%,"3,743","3,178",-,"6,921",92.26%,29.72,-,29.72,"3,347",-,927.05,"11,225","7,233",504.68,-,792.42,"19,767","1,583",5.65,-,10.44,"1,318",177.34,161.24,"3,256",-,24.56,-,299.97,556.43,0,"4,137",276.64,"15,323",30.68,"15,630","19,767",35,"6,886",91.98%,248.92,27.66,27.66,"7,969",565.01,"15,630",565.01,-,-,-,-,,,,,,,,
MUREB,Murree Brewery Company Limited ,"Jun 30, 2024",Q4 2024,"7,755",42.74%,"6,230","1,525",576.64,23.59,599.01,926.08,-3.54,256.51,-,-1.6,"1,177",8.98,6.3,25.32,"1,218",387.07,830.98,830.98,176.06%,28,28,-0.01%,30.04,30.04,176.09%,"2,360",85.3,15,200.00%,19.67%,11.94%,10.71%,30.43%,"1,031",13.29%,104.76,926.08,11.94%,31.78%,"3,740",-,"2,527","6,267",60.39%,40.75,183.73,245.37,"4,109",413.65,185.61,"11,220","7,312",505.44,-,779.85,"19,830",511.13,"1,363",-,13.56,828.88,656.88,486.57,"3,860",-,14.14,-,309.36,515.2,-,"4,699",276.64,"14,824",30.68,"15,131","19,830",27.7,"6,239",60.32%,225.53,27.66,27.66,"7,360",546.97,"15,131",546.97,"3,562",968.17,"5,633",402.85,,,,,,,,
MUREB,Murree Brewery Company Limited ,"Mar 31, 2024",Q3 2024,"5,284",7.32%,"3,881","1,402",445.22,64.78,510,892.19,-1.5,194.35,-,-,"1,085",-,-,-,"1,085",447.02,638.02,638.02,45.32%,28,28,-,23.06,23.06,45.32%,525.01,18.98,10,100.00%,26.54%,16.89%,12.08%,9.94%,"1,000",18.94%,108.3,892.19,16.89%,41.20%,"2,271","1,620",-,"3,890",44.99%,56.07,-,56.07,"5,347",-,530.75,"9,824","6,995",506.19,-,841.03,"18,178","2,038",-,-,8.16,299.85,133.69,152.62,"2,632",-,13.18,-,282.15,693.17,-,"3,621",276.64,"9,929","4,352","14,557","18,178",21.35,"3,869",45.14%,139.86,27.66,27.66,"7,192",526.22,"14,557",526.22,-,-,-,-,,,,,,,,
MUREB,Murree Brewery Company Limited ,"Dec 31, 2023",Q2 2024,"5,743",13.93%,"4,506","1,237",466.5,48.41,514.91,722.52,-1.51,160.66,-,-,881.67,-,-,-,881.67,320,561.67,561.67,103.98%,28,28,-,20.3,20.3,103.98%,-47.67,-1.72,8,-,21.55%,12.58%,9.78%,-0.83%,826.56,14.39%,104.04,722.52,12.58%,36.30%,"1,754","1,627",-,"3,381",94.87%,86.64,942.22,"1,029","4,515",-,-,"8,924","7,072",506.94,-,733.06,"17,250","1,550",-,-,11.14,290.32,149.4,145.45,"2,146",-,10.18,-,290.16,663.17,-,"3,109",276.64,"9,506","4,358","14,141","17,250",21.31,"3,359",101.00%,121.44,27.66,27.66,"6,778",511.16,"14,141",511.16,-,-,-,-,,,,,,,,
MUREB,Murree Brewery Company Limited ,"Sep 30, 2023",Q1 2024,"5,017",57.05%,"3,598","1,419",502.7,57.06,559.75,859.05,-1.73,111.03,-,-,968.34,-,-,-,968.34,377.65,590.69,590.69,128.71%,28,28,-,21.35,21.35,128.71%,-386.59,-13.97,7.5,-,28.28%,17.12%,11.77%,-7.71%,964.14,19.22%,105.09,859.05,17.12%,39.00%,"1,958","1,642",-,"3,600",-19.75%,57.49,-,57.49,"4,566",-,590.23,"8,814","7,028",507.69,-,785.18,"17,151","1,695",-,-,4.75,490.92,95.66,136.85,"2,423",-,8.32,-,298.5,634.46,0,"3,364",276.64,"13,479",30.68,"13,786","17,151",13.06,"3,587",-17.44%,129.66,27.66,27.66,"6,391",498.36,"13,786",498.36,-,-,-,-,,,,,,,,
MUREB,Murree Brewery Company Limited ,"Jun 30, 2023",Q4 2023,"5,433",17.05%,"4,652",780.83,258.37,20.2,278.64,502.19,-,101.81,12.75,1.2,617.96,-4.09,0.93,56.73,671.52,370.51,301.02,301.02,656.15%,28,28,0.02%,10.88,10.88,656.01%,"1,105",39.94,5,-50.00%,14.37%,9.24%,5.54%,20.34%,612.88,11.28%,110.69,502.19,9.24%,55.17%,"2,481",-,"1,427","3,907",-12.89%,42.24,9.16,72.35,"3,797",16.37,463.72,"8,257","7,093",508.45,-,781.4,"16,651",632.97,910.67,-,10.96,106.36,327.37,393.23,"2,382",-,4.72,-,295.96,635.01,-,"3,317",276.64,"13,027",30.68,"13,334","16,651",15.69,"3,892",-10.43%,140.65,27.66,27.66,"5,875",482,"13,334",482,"3,562",885.19,"5,471",29.63,,,,,,,,
MUREB,Murree Brewery Company Limited ,"Mar 31, 2023",Q3 2023,"4,923",25.88%,"3,782","1,141",491.67,43.68,535.35,605.33,-2.38,91.32,-,-,694.27,-,-,-,694.27,255.21,439.05,439.05,-3.36%,28,28,-,15.87,15.87,-3.36%,922,33.33,5,-50.00%,23.17%,12.30%,8.92%,18.73%,701.72,14.25%,96.39,605.33,12.30%,36.76%,"1,846",837.15,-,"2,683",-30.54%,15.59,-,15.59,"4,270",-,514.65,"7,483","6,735",509.2,-,655.37,"15,394","1,440",-,-,12.26,75.45,104.1,136.05,"1,767",-,5.18,-,286.8,593.6,-,"2,653",276.64,"8,377","4,087","12,741","15,394",17.44,"2,666",-27.56%,96.36,27.66,27.66,"5,716",460.55,"12,741",460.55,-,-,-,-,,,,,,,,
MUREB,Murree Brewery Company Limited ,"Dec 31, 2022",Q2 2023,"5,041",69.77%,"4,286",754.53,477.59,8.75,486.34,268.19,-3.58,123.46,-,-,388.07,-,-,-,388.07,112.72,275.36,275.36,-24.13%,28,28,-,9.95,9.95,-24.13%,"-1,262",-45.62,-,-,14.97%,5.32%,5.46%,-25.03%,363.65,7.21%,95.46,268.19,5.32%,29.05%,923.12,811.81,-,"1,735",-46.13%,14.47,-,14.47,"3,777",-,"1,034","6,561","6,900",509.94,0,665.65,"14,649","1,050",-,42.28,10.17,114.81,114.04,138.49,"1,470",-,11.07,-,285.95,573.81,-,"2,341",276.64,"7,940","4,091","12,308","14,649",63.52,"1,671",-44.19%,60.42,27.66,27.66,"5,091",444.92,"12,308",444.92,-,-,-,-,,,,,,,,
MUREB,Murree Brewery Company Limited ,"Sep 30, 2022",Q1 2023,"3,194",-13.96%,"2,399",794.74,508.89,14.65,523.53,271.21,-1.18,100.78,-,-,370.8,-,-,-,370.8,112.54,258.27,258.27,-40.91%,28,28,-,9.34,9.34,-40.91%,"-1,199",-43.33,-,-,24.88%,8.49%,8.09%,-37.52%,365.46,11.44%,94.25,271.21,8.49%,30.35%,-,-,-,"4,486",6.39%,-,-,-,-,-,-,-,-,-,-,-,-,-,-,-,-,-,-,-,-,-,-,-,-,-,-,-,-,-,-,"12,183",-,140.98,"4,345",9.99%,157.05,27.66,27.66,-,440.39,"12,183",440.38,-,-,-,-,,,,,,,,
MUREB,Murree Brewery Company Limited ,"Jun 30, 2022",Q4 2022,"4,642",35.83%,"4,020",621.89,498.65,-26.72,472.8,149.09,-2.46,113.1,12.9,12.35,284.98,4.17,24.42,113.24,426.81,387,39.81,39.81,-88.17%,28,28,-,1.44,1.44,-88.17%,759.97,27.47,10,-,13.40%,3.21%,0.86%,16.37%,242.36,5.22%,93.27,149.09,3.21%,90.67%,"2,509",-,"1,976","4,486",7.02%,15.02,9.3,30.25,"2,438",21.5,279.76,"7,256","6,681",511.46,0.26,639.21,"15,100",498.56,651.46,124.75,8.3,125.03,301.45,355.04,"2,065",-,7.94,-,296.67,547.98,-,"2,917",276.64,"7,784","4,122","12,183","15,100",140.98,"4,345",11.84%,157.05,27.66,27.66,"5,191",440.39,"12,183",440.38,"3,441",787.79,"4,827",82.14,,,,,,,,
MUREB,Murree Brewery Company Limited ,"Mar 31, 2022",Q3 2022,"3,911",30.78%,"2,819","1,092",435.34,81.76,517.11,575.35,-4.27,81.1,-,-,652.18,-,-,-,652.18,197.85,454.33,454.33,19.75%,28,28,-,16.42,16.42,19.75%,906.61,32.77,10,100.00%,27.93%,14.71%,11.62%,23.18%,666.94,17.05%,91.59,575.35,14.71%,30.34%,"2,182","1,681",-,"3,863",-0.68%,14.93,-,14.93,"2,902",-,670.57,"7,450","6,140",512.21,0.39,531.32,"14,651","1,398",-,164.9,17.08,-,185.44,119.43,"1,885",-,1.21,-,263.74,431.95,-,"2,582",276.64,"8,026","3,767","12,069","14,651",183.2,"3,680",3.87%,133.02,27.66,27.66,"5,565",436.27,"12,069",436.26,-,-,-,-,,,,,,,,
MUREB,Murree Brewery Company Limited ,"Dec 31, 2021",Q2 2022,"2,969",35.40%,"2,106",863.4,383.04,33.05,416.08,447.32,-4.75,74.27,-,0,516.84,-,-,-,516.84,153.92,362.92,362.92,66.29%,28,28,-,13.12,13.12,66.29%,-638.71,-23.09,10,-,29.08%,15.07%,12.22%,-21.51%,540.28,18.20%,92.96,447.32,15.07%,29.78%,"1,571","1,650",-,"3,220",1.74%,16.99,-,16.99,"2,751",-,866.01,"6,854","6,210",512.95,0.52,526.69,"14,118","1,100",-,162.08,16.53,-,97.56,117.05,"1,493",42.32,4.36,0.25,267.45,420.11,-,"2,227",276.64,"7,845","3,770","11,891","14,118",225.29,"2,995",6.59%,108.27,27.66,27.66,"5,361",429.85,"11,891",429.83,-,-,-,-,,,,,,,,
MUREB,Murree Brewery Company Limited ,"Sep 30, 2021",Q1 2022,"3,712",20.27%,"2,767",945.19,390.88,29.46,420.33,524.86,-6.74,79.49,-,-,597.6,-,-,-,597.6,160.55,437.05,437.05,22.35%,28,28,-,15.8,15.8,22.35%,13.41,0.48,5,-,25.46%,14.14%,11.77%,0.36%,616.49,16.61%,91.63,524.86,14.14%,26.87%,"2,192","2,024",-,"4,216",18.57%,24.46,-,24.46,"2,251",-,389.44,"6,881","6,290",513.71,0.65,507.2,"14,206","1,110",-,159.8,20.3,-,101.45,382.78,"1,774",83.39,2.58,2.24,288.71,388.6,0,"2,540",276.64,"7,617","3,773","11,667","14,206",266.07,"3,950",20.47%,142.79,27.66,27.66,"5,107",421.73,"11,666",421.71,-,-,-,-,,,,,,,,
MUREB,Murree Brewery Company Limited ,"Jun 30, 2021",Q4 2021,"3,417",82.39%,"2,774",643.31,378.21,113.46,486.65,156.66,-2.97,49.35,-2.73,14.77,215.08,0.73,5.47,39.26,260.56,-76.05,336.61,336.61,-,28,28,-,12.17,12.17,-,398.05,14.39,10,100.00%,18.83%,4.58%,9.85%,11.65%,243.7,7.13%,87.04,156.66,4.58%,-,"2,198",-,"1,994","4,192",37.04%,31.37,10.36,47.41,"1,938",4.67,442.88,"6,624","6,381",514.47,0.78,508.62,"14,043",260.39,884.77,156.42,22.05,-,218.34,179.77,"1,722",124.75,3.75,2.86,281.97,401.35,-,"2,536",276.64,"7,426","3,804","11,506","14,043",306.97,"3,885",31.85%,140.42,27.66,27.66,"4,902",415.93,"11,505",415.91,"3,248",671.35,"4,564",-,,,,,,,,
MUREB,Murree Brewery Company Limited ,"Mar 31, 2021",Q3 2021,"2,990",29.41%,"2,102",888.82,334.5,48.54,383.04,505.78,-8.66,68,-,-,565.12,-,-,-,565.12,185.71,379.4,379.4,39.00%,28,28,-,13.71,13.71,39.00%,944.54,34.14,5,-,29.72%,16.91%,12.69%,31.59%,599.64,20.05%,93.86,505.78,16.91%,32.86%,"1,945","1,944",-,"3,889",29.02%,42.4,-,42.4,"2,147",-,320.7,"6,399","5,292",515.22,0.91,487.64,"12,708","1,202",-,170.14,22.41,-,112.83,117.67,"1,626",150.81,3.56,4.61,240.28,257.01,39.16,"2,321",276.64,"7,231","2,880","10,387","12,708",346.92,"3,543",22.46%,128.06,27.66,27.66,"4,774",375.48,"10,386",375.45,-,-,-,-,,,,,,,,
MUREB,Murree Brewery Company Limited ,"Dec 31, 2020",Q2 2021,"2,193",5.27%,"1,598",595.22,315.01,11.65,326.66,268.56,-11.52,67.44,-,-,324.48,-,-,-,324.48,106.24,218.24,218.24,2.00%,28,28,-0.06%,7.89,7.89,2.06%,-207.79,-7.51,10,100.00%,27.14%,12.25%,9.95%,-9.48%,362.83,16.55%,94.26,268.56,12.25%,32.74%,"1,243","1,922",-,"3,165",14.45%,23.08,-,23.08,"2,253",-,531.25,"5,973","5,405",516.45,1.04,461.3,"12,366",959.32,-,196.56,37.9,-,90.1,99.63,"1,384",118.13,3.04,7.4,254.64,246.71,67.86,"2,081",276.64,"7,123","2,885","10,284","12,366",355.64,"2,810",7.16%,101.57,27.66,27.66,"4,589",371.77,"10,283",371.73,-,-,-,-,,,,,,,,
GOLG,Colgate-Palmolive (Pakistan) Limited ,,,Revenue,Revenue Growth (YoY),Cost of Revenue,Gross Profit,"Selling, General & Admin",Other Operating Expenses,Operating Expenses,Operating Income,Interest Expense,Interest & Investment Income,Currency Exchange Gain (Loss),Other Non Operating Income (Expenses),EBT Excluding Unusual Items,Gain (Loss) on Sale of Investments,Gain (Loss) on Sale of Assets,Asset Writedown,Pretax Income,Income Tax Expense,Net Income,Net Income to Common,Net Income Growth,Shares Outstanding (Basic),Shares Outstanding (Diluted),Shares Change (YoY),EPS (Basic),EPS (Diluted),EPS Growth,Free Cash Flow,Free Cash Flow Per Share,Dividend Per Share,Dividend Growth,Gross Margin,Operating Margin,Profit Margin,Free Cash Flow Margin,EBITDA,EBITDA Margin,D&A For EBITDA,EBIT,EBIT Margin,Effective Tax Rate,Cash & Equivalents,Short-Term Investments,Trading Asset Securities,Cash & Short-Term Investments,Cash Growth,Accounts Receivable,Other Receivables,Receivables,Inventory,Prepaid Expenses,Other Current Assets,Total Current Assets,"Property, Plant & Equipment",Other Intangible Assets,Other Long-Term Assets,Total Assets,Accounts Payable,Accrued Expenses,Short-Term Debt,Current Portion of Long-Term Debt,Current Portion of Leases,Current Income Taxes Payable,Current Unearned Revenue,Other Current Liabilities,Total Current Liabilities,Long-Term Debt,Long-Term Leases,Long-Term Unearned Revenue,Pension & Post-Retirement Benefits,Long-Term Deferred Tax Liabilities,Other Long-Term Liabilities,Total Liabilities,Common Stock,Additional Paid-In Capital,Retained Earnings,Comprehensive Income & Other,Shareholders' Equity,Total Liabilities & Equity,Total Debt,Net Cash (Debt),Net Cash Growth,Net Cash Per Share,Filing Date Shares Outstanding,Total Common Shares Outstanding,Working Capital,Book Value Per Share,Tangible Book Value,Tangible Book Value Per Share,Land,Buildings,Machinery,Construction In Progress,,,,,,,
GOLG,Colgate-Palmolive (Pakistan) Limited ,"Mar 31, 2025",Q3 2025,"29,058",0.36%,"18,817","10,241","3,317",-166.34,"3,151","7,090",-38.83,-,-,-,"7,052",-,-,-,"7,052","2,644","4,407","4,407",-6.76%,243,243,-,18.15,18.15,-6.76%,"3,077",12.68,-,-,35.24%,24.40%,15.17%,10.59%,"7,404",25.48%,313.3,"7,090",24.40%,37.50%,"5,050",51.75,"17,511","22,613",-18.28%,"2,009",147.58,"2,600","17,612",-,209.92,"43,035","9,917",5.9,26.15,"53,083","3,334","8,565",-,142.46,70.95,"1,206",-,"4,970","18,289",553.28,268.81,191.02,-,743.3,189.17,"20,234","2,428",13.46,"30,726",-318.19,"32,849","53,083","1,035","21,578",-18.82%,88.88,242.77,242.77,"24,746",135.31,"32,843",135.28,-,-,-,-,,,,,,,
GOLG,Colgate-Palmolive (Pakistan) Limited ,"Dec 31, 2024",Q2 2025,"27,916",1.93%,"18,110","9,806","3,364",-589.53,"2,775","7,031",-44.51,-,-,-,"6,987",-,-,-,"6,987","2,394","4,592","4,592",25.10%,243,243,-,18.92,18.92,25.10%,"4,491",18.5,32,42.22%,35.13%,25.19%,16.45%,16.09%,"7,312",26.19%,280.83,"7,031",25.19%,34.27%,"5,348",151.75,"21,194","26,695",5.57%,"1,619",168.44,"2,398","18,272",-,46.75,"47,411","9,856",6.33,26.15,"57,391","3,290","7,524",-,142.46,67.93,"3,297",-,"4,752","19,074",573.11,280.86,204.55,-,828.36,219.96,"21,181","2,428",13.46,"34,088",-318.19,"36,211","57,391","1,064","25,630",6.09%,105.57,242.77,242.77,"28,337",149.15,"36,204",149.13,-,-,-,-,,,,,,,
GOLG,Colgate-Palmolive (Pakistan) Limited ,"Sep 30, 2024",Q1 2025,"30,003",8.38%,"19,201","10,802","3,503",528.77,"4,032","6,770",-41.65,208.67,-,-,"6,937","1,239",-,-,"8,177","3,073","5,104","5,104",37.93%,243,243,-,21.02,21.02,37.93%,"2,479",10.21,-,-,36.00%,22.56%,17.01%,8.26%,"7,028",23.43%,258.2,"6,770",22.56%,37.58%,"5,083","1,011","23,583","29,678",31.25%,"2,471",696.14,"3,893","18,149",-,102.84,"51,823","9,549",5.66,25.56,"61,496","3,537","7,643",-,142.46,64.36,"2,166",-,"14,209","27,762",594.7,288.93,218.58,-,822.97,190.78,"29,878","2,428",13.46,"29,495",-318.19,"31,618","61,496","1,090","28,588",33.17%,117.75,242.77,242.77,"24,062",130.24,"31,613",130.22,-,-,-,-,,,,,,,
GOLG,Colgate-Palmolive (Pakistan) Limited ,"Jun 30, 2024",Q4 2024,"29,206",15.35%,"18,630","10,576","3,090",860.21,"3,950","6,626",-,"1,722",134.69,-99.17,"8,383",-157.13,54.61,-,"8,280","3,086","5,194","5,194",61.47%,243,243,-,21.39,21.39,61.47%,"1,919",7.91,34.5,281.07%,36.21%,22.69%,17.79%,6.57%,"6,878",23.55%,252.39,"6,626",22.69%,37.27%,"5,031",911.47,"19,811","25,754",30.37%,"1,938","1,812","3,797","17,602",46.71,409.78,"47,610","8,934",4.04,24.54,"56,662","3,580","8,162",-,142.46,51.36,"1,070",206.89,"6,757","19,970",618.13,236.59,233.01,163.19,501.47,49.72,"21,772","2,428",13.46,"32,767",-318.19,"34,890","56,662","1,049","24,705",32.92%,101.76,242.77,242.77,"27,640",143.71,"34,886",143.7,467.26,"2,737","13,443",480.86,,,,,,,
GOLG,Colgate-Palmolive (Pakistan) Limited ,"Mar 31, 2024",Q3 2024,"28,954",19.66%,"19,108","9,845","3,027",-722.01,"2,305","7,541",-38.49,-,-,-,"7,502",-,-,-,"7,502","2,775","4,727","4,727",58.81%,243,243,-,19.47,19.47,58.81%,"5,889",24.26,-,-,34.00%,26.04%,16.32%,20.34%,"7,781",26.87%,240.28,"7,541",26.04%,36.99%,"6,347",890.24,"20,434","27,671",78.21%,"2,265","2,693","5,590","16,127",-,108.66,"49,497","8,544",4.78,24.54,"58,162","19,688",6.65,-,140.61,52.92,"2,768",-,"4,016","26,672",641.06,257.67,247.36,-,479.22,125.77,"28,423","2,428",13.46,"27,573",-275.29,"29,739","58,162","1,092","26,578",85.38%,109.48,242.77,242.77,"22,824",122.5,"29,734",122.48,-,-,-,-,,,,,,,
GOLG,Colgate-Palmolive (Pakistan) Limited ,"Dec 31, 2023",Q2 2024,"27,388",22.07%,"19,341","8,047","3,077",-919.29,"2,157","5,890",-48.15,-,-,-,"5,842",-,-,-,"5,842","2,171","3,671","3,671",46.87%,243,243,-,15.12,15.12,46.87%,"3,210",13.22,22.5,226.25%,29.38%,21.51%,13.40%,11.72%,"6,122",22.35%,231.85,"5,890",21.51%,37.16%,"5,460",812.86,"19,012","25,285",109.83%,"1,778","2,567","4,671","15,894",-,81.61,"45,932","8,223",5.52,24.54,"54,268","3,879","6,716",-,140.61,57.08,"2,634",-,"8,587","22,013",660.84,268.97,262.53,-,427.4,160.63,"23,793","2,428",13.46,"28,309",-275.29,"30,474","54,268","1,128","24,158",125.01%,99.51,242.77,242.77,"23,919",125.53,"30,469",125.5,-,-,-,-,,,,,,,
GOLG,Colgate-Palmolive (Pakistan) Limited ,"Sep 30, 2023",Q1 2024,"27,683",41.91%,"19,296","8,387","2,986",-647.47,"2,339","6,048",-38.63,-,-,-,"6,010",-,-,-,"6,010","2,309","3,701","3,701",115.46%,243,243,-,15.24,15.24,115.46%,"3,333",13.73,-,-,30.30%,21.85%,13.37%,12.04%,"6,277",22.67%,228.28,"6,048",21.85%,38.42%,"5,003",707.59,"16,901","22,612",111.48%,"2,190","2,537","5,083","16,397",-,133.53,"44,226","8,019",6.41,22.45,"52,359","3,229","6,887",-,130.33,61.11,"2,862",-,"9,308","22,477",671.82,281.78,287.09,-,434.9,189.17,"24,342","2,428",13.46,"25,851",-275.29,"28,017","52,359","1,145","21,467",131.35%,88.42,242.77,242.77,"21,749",115.41,"28,011",115.38,-,-,-,-,,,,,,,
GOLG,Colgate-Palmolive (Pakistan) Limited ,"Jun 30, 2023",Q4 2023,"25,318",45.96%,"17,400","7,919","2,481",756.5,"3,238","4,681",-,"1,326",-263.01,-71.33,"5,673",136.75,49.25,-,"5,859","2,642","3,217","3,217",159.77%,243,243,0.00%,13.25,13.25,159.78%,"7,262",29.91,9.053,7.83%,31.28%,18.49%,12.71%,28.68%,"4,902",19.36%,220.44,"4,681",18.49%,45.09%,"5,493",601.24,"13,661","19,755",109.15%,"2,017","1,043","3,099","16,059",142.64,450.45,"39,505","7,837",7.2,21.26,"47,447","3,064","7,020",-,109.47,66,"1,685",-,"9,266","21,209",702.58,290.45,291.49,-,392.7,243.13,"23,130","2,428",13.46,"22,151",-275.29,"24,317","47,447","1,168","18,586",136.41%,76.56,242.77,242.77,"18,296",100.16,"24,310",100.13,188.61,"2,656","11,943",343.95,,,,,,,
GOLG,Colgate-Palmolive (Pakistan) Limited ,"Mar 31, 2023",Q3 2023,"24,197",49.13%,"16,937","7,260","2,600",127.18,"2,727","4,532",-36.94,-,-,-,"4,495",-,-,-,"4,495","1,519","2,976","2,976",75.31%,243,243,0.03%,12.26,12.26,75.26%,"4,476",18.44,-,-,30.00%,18.73%,12.30%,18.50%,"4,748",19.62%,215.43,"4,532",18.73%,33.79%,"5,259",490.24,"9,778","15,527",64.44%,"1,633",489.03,"2,531","14,851",-,67.28,"32,976","7,892",7.25,21.26,"40,977","2,818","6,188",-,87.03,69.66,724.74,-,"3,200","13,088",712.69,319.92,314.09,-,411.71,101.63,"14,948","1,214",13.46,"25,004",-201.94,"26,029","40,977","1,189","14,337",84.05%,59.06,242.77,242.77,"19,888",107.22,"26,022",107.19,-,-,-,-,,,,,,,
GOLG,Colgate-Palmolive (Pakistan) Limited ,"Dec 31, 2022",Q2 2023,"22,438",52.77%,"16,296","6,142","2,694",-190.12,"2,504","3,638",-38.24,-,-,-,"3,599",-,-,-,"3,599","1,100","2,499","2,499",72.70%,243,243,-,10.3,10.3,72.70%,"2,743",11.3,6.897,-6.12%,27.37%,16.21%,11.14%,12.23%,"3,852",17.17%,214.58,"3,638",16.21%,30.56%,"3,727",836.09,"7,487","12,050",12.67%,"1,799",418.4,"2,409","16,023",-,94.06,"30,577","7,710",5.85,21.26,"38,389","1,134","5,999",-,181.26,68.85,710.02,-,"3,737","11,831",736.32,327.59,325.42,-,346.69,95.04,"13,662",837.15,13.46,"24,078",-201.94,"24,727","38,389","1,314","10,736",19.59%,44.22,242.77,242.77,"18,746",101.85,"24,721",101.83,-,-,-,-,,,,,,,
GOLG,Colgate-Palmolive (Pakistan) Limited ,"Sep 30, 2022",Q1 2023,"19,507",38.63%,"14,751","4,756","2,278",-139.05,"2,139","2,617",-36.64,-,-,-,"2,581",-,-,-,"2,581",863.03,"1,718","1,718",15.41%,243,243,-,7.07,7.07,15.41%,"1,261",5.19,-,-,24.38%,13.42%,8.80%,6.46%,"2,824",14.48%,206.76,"2,617",13.42%,33.44%,"4,318",51.75,"6,322","10,692",-13.60%,"1,836",592.15,"2,739","15,159",-,168.8,"28,759","7,711",7.17,20.93,"36,575","1,831","4,987",-,284.41,62.94,211.97,-,"5,180","12,558",729.67,336.16,355.54,-,289.81,78.2,"14,347",837.15,13.46,"21,579",-201.94,"22,227","36,575","1,413","9,279",-13.54%,38.22,242.77,242.77,"16,201",91.56,"22,220",91.53,-,-,-,-,,,,,,,
GOLG,Colgate-Palmolive (Pakistan) Limited ,"Jun 30, 2022",Q4 2022,"17,346",32.56%,"13,211","4,135","1,999",809.24,"2,809","1,326",-,910.32,-52.55,-63.7,"2,120",106.67,31.11,-,"2,258","1,020","1,238","1,238",-7.94%,243,243,0.00%,5.1,5.1,-7.94%,610.98,2.52,8.396,34.16%,23.84%,7.65%,7.14%,3.52%,"1,526",8.80%,199.54,"1,326",7.65%,45.17%,"2,901",149.11,"6,395","9,445",-21.31%,"1,407",436.36,"1,882","13,551",117.48,283.37,"25,279","7,623",3.51,20.73,"33,005","1,830","4,377",42.33,390.89,60.99,86.2,-,"1,821","8,609",747.67,341.44,357.69,-,261.74,139.24,"10,457",727.96,13.46,"22,009",-201.94,"22,548","33,005","1,583","7,862",-25.09%,32.38,242.77,242.77,"16,670",92.88,"22,545",92.86,178.63,"2,529","11,027",353.88,,,,,,,
GOLG,Colgate-Palmolive (Pakistan) Limited ,"Mar 31, 2022",Q3 2022,"16,226",25.66%,"12,120","4,105","1,919",-104.53,"1,814","2,291",-34.18,-,-,-,"2,257",-,-,-,"2,257",558.96,"1,698","1,698",9.00%,243,243,-0.03%,7,7,9.03%,420.37,1.73,-,-,25.30%,14.12%,10.46%,2.59%,"2,477",15.27%,185.95,"2,291",14.12%,24.77%,"2,678","6,764",-,"9,442",-17.52%,"1,655",708.67,"2,623","12,525",-,79.94,"24,670","7,555",4.68,20.73,"32,322","1,923","3,267",-,526.56,48.32,-,-,"3,435","9,199",715.53,362.1,374.56,-,253.07,74.25,"10,979",727.96,13.46,"20,770",-168.68,"21,343","32,322","1,653","7,790",-19.71%,32.1,242.71,242.71,"15,471",87.91,"21,339",87.89,-,-,-,-,,,,,,,
GOLG,Colgate-Palmolive (Pakistan) Limited ,"Dec 31, 2021",Q2 2022,"14,687",19.74%,"10,757","3,929","1,836",-50.84,"1,785","2,144",-40.08,-,-,-,"2,104",-,-,-,"2,104",656.67,"1,447","1,447",8.57%,243,243,-,5.96,5.96,8.57%,"-1,802",-7.42,7.346,12.70%,26.75%,14.60%,9.86%,-12.27%,"2,362",16.08%,217.61,"2,144",14.60%,31.21%,"1,686","1,231","7,778","10,695",-2.32%,"1,076",533.8,"1,755","10,399",-,109.83,"22,959","7,429",5.85,38.81,"30,493","1,672","2,770",-,506.49,44.27,-,-,"2,268","7,260",831.46,335.04,390.46,-,183.74,63.89,"9,064",727.96,13.46,"20,856",-168.68,"21,429","30,493","1,717","8,978",-5.20%,36.98,242.77,242.77,"15,700",88.27,"21,423",88.24,-,-,-,-,,,,,,,
GOLG,Colgate-Palmolive (Pakistan) Limited ,"Sep 30, 2021",Q1 2022,"14,072",14.41%,"10,212","3,860","1,785",-59.39,"1,726","2,134",-31.09,-,-,-,"2,103",-,-,-,"2,103",614.82,"1,488","1,488",3.27%,243,243,-,6.13,6.13,3.27%,977.78,4.03,-,-,27.43%,15.17%,10.58%,6.95%,"2,330",16.56%,196.22,"2,134",15.17%,29.23%,"2,384","1,427","8,564","12,375",18.94%,"1,301",713.47,"2,161","7,534",-,163.99,"22,233","7,161",7.13,53.7,"29,503","1,778","3,428",-,506.49,43.67,-,-,"2,170","7,926",756.73,336.97,281.73,-,62.28,157.47,"9,522",727.96,13.46,"19,409",-168.68,"19,982","29,503","1,644","10,731",14.24%,44.2,242.77,242.77,"14,307",82.31,"19,975",82.28,-,-,-,-,,,,,,,
GOLG,Colgate-Palmolive (Pakistan) Limited ,"Jun 30, 2021",Q4 2021,"13,086",10.30%,"9,624","3,462","1,708",691.25,"2,399","1,063",-,681.16,42.07,-55.49,"1,731",27.28,31.93,-0.25,"1,790",444.45,"1,345","1,345",8.29%,243,243,-,5.54,5.54,8.29%,603.45,2.49,6.258,12.34%,26.45%,8.12%,10.28%,4.61%,"1,256",9.60%,193.46,"1,063",8.12%,24.84%,"2,122","2,686","7,196","12,003",43.41%,"1,156",301.5,"1,485","7,668",46.36,101.83,"21,305","6,714",8.66,65.32,"28,139","1,391","3,667",-,506.49,39.04,212.47,-,896.6,"6,712",631.3,332.02,182.3,-,58.82,209.81,"8,126",633.01,13.46,"19,535",-168.68,"20,013","28,139","1,509","10,495",36.18%,43.23,242.77,242.77,"14,593",82.43,"20,004",82.4,178.63,"1,477","8,254","2,598",,,,,,,
GOLG,Colgate-Palmolive (Pakistan) Limited ,"Mar 31, 2021",Q3 2021,"12,913",16.61%,"8,989","3,924","1,769",-61.91,"1,708","2,216",-28.74,-,-,-,"2,188",-,-,-,"2,188",630.16,"1,558","1,558",17.78%,243,243,-,6.42,6.42,17.78%,"1,716",7.07,-,-,30.39%,17.16%,12.06%,13.29%,"2,414",18.70%,198.05,"2,216",17.16%,28.80%,"2,288","2,755","6,406","11,449",44.94%,"1,271",389.18,"1,840","7,066",-,70.01,"20,424","6,334",10.59,41.9,"26,861","1,468","3,730",-,506.49,32.92,211.69,-,777.35,"6,727",883.65,323.31,-,0.91,64.17,214.67,"8,213",633.01,13.46,"18,190",-188.47,"18,648","26,861","1,746","9,702",28.57%,39.96,242.77,242.77,"13,697",76.81,"18,637",76.77,-,-,-,-,,,,,,,
GOLG,Colgate-Palmolive (Pakistan) Limited ,"Dec 31, 2020",Q2 2021,"12,265",18.13%,"8,537","3,729","1,803",-91.51,"1,712","2,017",-31.93,-,-,-,"1,985",-,-,-,"1,985",651.63,"1,333","1,333",15.97%,243,243,-,5.49,5.49,15.97%,"1,304",5.37,6.519,22.22%,30.40%,16.44%,10.87%,10.63%,"2,217",18.08%,200.5,"2,017",16.44%,32.83%,"2,004","2,507","6,437","10,949",34.45%,863.84,677.19,"1,729","6,566",-,124.65,"19,368","5,862",10.74,44.5,"25,328","1,131","2,862",-,379.87,34.32,-,-,880.9,"5,287",739.02,325.55,-,11.33,69.75,222.14,"6,655",633.01,13.46,"18,215",-188.23,"18,673","25,328","1,479","9,470",21.55%,39.01,242.77,242.77,"14,080",76.92,"18,662",76.87,-,-,-,-,,,,,,,
